
*** Running vivado
    with args -log TCAM.vds -m64 -product Vivado -mode batch -messageDb vivado.pb -notrace -source TCAM.tcl



****** Vivado v2025.2 (64-bit)
  **** SW Build 6299465 on Fri Nov 14 19:35:11 GMT 2025
  **** IP Build 6300035 on Fri Nov 14 10:48:45 MST 2025
  **** SharedData Build 6298862 on Thu Nov 13 04:50:51 MST 2025
  **** Start of session at: Sat Mar  7 11:17:44 2026
    ** Copyright 1986-2022 Xilinx, Inc. All Rights Reserved.
    ** Copyright 2022-2025 Advanced Micro Devices, Inc. All Rights Reserved.

source TCAM.tcl -notrace
create_project: Time (s): cpu = 00:00:10 ; elapsed = 00:00:06 . Memory (MB): peak = 644.219 ; gain = 223.695
Command: read_checkpoint -auto_incremental -incremental C:/Users/aadit/Documents/HardwareFirewall/VivadoLearning/TCAM_104/TCAM_104.srcs/utils_1/imports/synth_1/BRAM_Manager.dcp
INFO: [Vivado 12-5825] Read reference checkpoint from C:/Users/aadit/Documents/HardwareFirewall/VivadoLearning/TCAM_104/TCAM_104.srcs/utils_1/imports/synth_1/BRAM_Manager.dcp for incremental synthesis
INFO: [Vivado 12-7989] Please ensure there are no constraint changes
Command: synth_design -top TCAM -part xc7k160tffg676-2
Starting synth_design
Attempting to get a license for feature 'Synthesis' and/or device 'xc7k160t'
INFO: [Common 17-349] Got license for feature 'Synthesis' and/or device 'xc7k160t'
INFO: [Device 21-403] Loading part xc7k160tffg676-2
INFO: [Designutils 20-5440] No compile time benefit to using incremental synthesis; A full resynthesis will be run
INFO: [Designutils 20-4379] Flow is switching to default flow due to incremental criteria not met. If you would like to alter this behaviour and have the flow terminate instead, please set the following parameter config_implementation {autoIncr.Synth.RejectBehavior Terminate}
INFO: [Synth 8-7079] Multithreading enabled for synth_design using a maximum of 2 processes.
INFO: [Synth 8-7078] Launching helper process for spawning children vivado processes
INFO: [Synth 8-7075] Helper process launched with PID 9520
---------------------------------------------------------------------------------
Starting RTL Elaboration : Time (s): cpu = 00:00:06 ; elapsed = 00:00:08 . Memory (MB): peak = 1406.547 ; gain = 547.090
---------------------------------------------------------------------------------
INFO: [Synth 8-6157] synthesizing module 'TCAM' [C:/Users/aadit/Documents/HardwareFirewall/VivadoLearning/TCAM_104/TCAM_104.srcs/sources_1/new/TCAM.sv:24]
INFO: [Synth 8-6157] synthesizing module 'BRAM_Manager' [C:/Users/aadit/Documents/HardwareFirewall/VivadoLearning/TCAM_104/TCAM_104.srcs/sources_1/new/BRAM_Manager.sv:23]
	Parameter DEPTH bound to: 32'sb00000000000000000000001000000000 
	Parameter WIDTH bound to: 32'sb00000000000000000000000001001000 
	Parameter MEM_FILE bound to: mem_0_0.mem - type: string 
INFO: [Synth 8-251] Loading memory from mem_0_0.mem [C:/Users/aadit/Documents/HardwareFirewall/VivadoLearning/TCAM_104/TCAM_104.srcs/sources_1/new/BRAM_Manager.sv:61]
INFO: [Synth 8-3876] $readmem data file 'mem_0_0.mem' is read successfully [C:/Users/aadit/Documents/HardwareFirewall/VivadoLearning/TCAM_104/TCAM_104.srcs/sources_1/new/BRAM_Manager.sv:62]
INFO: [Synth 8-6155] done synthesizing module 'BRAM_Manager' (0#1) [C:/Users/aadit/Documents/HardwareFirewall/VivadoLearning/TCAM_104/TCAM_104.srcs/sources_1/new/BRAM_Manager.sv:23]
INFO: [Synth 8-6157] synthesizing module 'BRAM_Manager__parameterized0' [C:/Users/aadit/Documents/HardwareFirewall/VivadoLearning/TCAM_104/TCAM_104.srcs/sources_1/new/BRAM_Manager.sv:23]
	Parameter DEPTH bound to: 32'sb00000000000000000000001000000000 
	Parameter WIDTH bound to: 32'sb00000000000000000000000001001000 
	Parameter MEM_FILE bound to: mem_0_1.mem - type: string 
INFO: [Synth 8-251] Loading memory from mem_0_1.mem [C:/Users/aadit/Documents/HardwareFirewall/VivadoLearning/TCAM_104/TCAM_104.srcs/sources_1/new/BRAM_Manager.sv:61]
INFO: [Synth 8-3876] $readmem data file 'mem_0_1.mem' is read successfully [C:/Users/aadit/Documents/HardwareFirewall/VivadoLearning/TCAM_104/TCAM_104.srcs/sources_1/new/BRAM_Manager.sv:62]
INFO: [Synth 8-6155] done synthesizing module 'BRAM_Manager__parameterized0' (0#1) [C:/Users/aadit/Documents/HardwareFirewall/VivadoLearning/TCAM_104/TCAM_104.srcs/sources_1/new/BRAM_Manager.sv:23]
INFO: [Synth 8-6157] synthesizing module 'BRAM_Manager__parameterized1' [C:/Users/aadit/Documents/HardwareFirewall/VivadoLearning/TCAM_104/TCAM_104.srcs/sources_1/new/BRAM_Manager.sv:23]
	Parameter DEPTH bound to: 32'sb00000000000000000000001000000000 
	Parameter WIDTH bound to: 32'sb00000000000000000000000001001000 
	Parameter MEM_FILE bound to: mem_0_2.mem - type: string 
INFO: [Synth 8-251] Loading memory from mem_0_2.mem [C:/Users/aadit/Documents/HardwareFirewall/VivadoLearning/TCAM_104/TCAM_104.srcs/sources_1/new/BRAM_Manager.sv:61]
INFO: [Synth 8-3876] $readmem data file 'mem_0_2.mem' is read successfully [C:/Users/aadit/Documents/HardwareFirewall/VivadoLearning/TCAM_104/TCAM_104.srcs/sources_1/new/BRAM_Manager.sv:62]
INFO: [Synth 8-6155] done synthesizing module 'BRAM_Manager__parameterized1' (0#1) [C:/Users/aadit/Documents/HardwareFirewall/VivadoLearning/TCAM_104/TCAM_104.srcs/sources_1/new/BRAM_Manager.sv:23]
INFO: [Synth 8-6157] synthesizing module 'BRAM_Manager__parameterized2' [C:/Users/aadit/Documents/HardwareFirewall/VivadoLearning/TCAM_104/TCAM_104.srcs/sources_1/new/BRAM_Manager.sv:23]
	Parameter DEPTH bound to: 32'sb00000000000000000000001000000000 
	Parameter WIDTH bound to: 32'sb00000000000000000000000001001000 
	Parameter MEM_FILE bound to: mem_0_3.mem - type: string 
INFO: [Synth 8-251] Loading memory from mem_0_3.mem [C:/Users/aadit/Documents/HardwareFirewall/VivadoLearning/TCAM_104/TCAM_104.srcs/sources_1/new/BRAM_Manager.sv:61]
INFO: [Synth 8-3876] $readmem data file 'mem_0_3.mem' is read successfully [C:/Users/aadit/Documents/HardwareFirewall/VivadoLearning/TCAM_104/TCAM_104.srcs/sources_1/new/BRAM_Manager.sv:62]
INFO: [Synth 8-6155] done synthesizing module 'BRAM_Manager__parameterized2' (0#1) [C:/Users/aadit/Documents/HardwareFirewall/VivadoLearning/TCAM_104/TCAM_104.srcs/sources_1/new/BRAM_Manager.sv:23]
INFO: [Synth 8-6157] synthesizing module 'BRAM_Manager__parameterized3' [C:/Users/aadit/Documents/HardwareFirewall/VivadoLearning/TCAM_104/TCAM_104.srcs/sources_1/new/BRAM_Manager.sv:23]
	Parameter DEPTH bound to: 32'sb00000000000000000000001000000000 
	Parameter WIDTH bound to: 32'sb00000000000000000000000001001000 
	Parameter MEM_FILE bound to: mem_0_4.mem - type: string 
INFO: [Synth 8-251] Loading memory from mem_0_4.mem [C:/Users/aadit/Documents/HardwareFirewall/VivadoLearning/TCAM_104/TCAM_104.srcs/sources_1/new/BRAM_Manager.sv:61]
INFO: [Synth 8-3876] $readmem data file 'mem_0_4.mem' is read successfully [C:/Users/aadit/Documents/HardwareFirewall/VivadoLearning/TCAM_104/TCAM_104.srcs/sources_1/new/BRAM_Manager.sv:62]
INFO: [Synth 8-6155] done synthesizing module 'BRAM_Manager__parameterized3' (0#1) [C:/Users/aadit/Documents/HardwareFirewall/VivadoLearning/TCAM_104/TCAM_104.srcs/sources_1/new/BRAM_Manager.sv:23]
INFO: [Synth 8-6157] synthesizing module 'BRAM_Manager__parameterized4' [C:/Users/aadit/Documents/HardwareFirewall/VivadoLearning/TCAM_104/TCAM_104.srcs/sources_1/new/BRAM_Manager.sv:23]
	Parameter DEPTH bound to: 32'sb00000000000000000000001000000000 
	Parameter WIDTH bound to: 32'sb00000000000000000000000001001000 
	Parameter MEM_FILE bound to: mem_0_5.mem - type: string 
INFO: [Synth 8-251] Loading memory from mem_0_5.mem [C:/Users/aadit/Documents/HardwareFirewall/VivadoLearning/TCAM_104/TCAM_104.srcs/sources_1/new/BRAM_Manager.sv:61]
INFO: [Synth 8-3876] $readmem data file 'mem_0_5.mem' is read successfully [C:/Users/aadit/Documents/HardwareFirewall/VivadoLearning/TCAM_104/TCAM_104.srcs/sources_1/new/BRAM_Manager.sv:62]
INFO: [Synth 8-6155] done synthesizing module 'BRAM_Manager__parameterized4' (0#1) [C:/Users/aadit/Documents/HardwareFirewall/VivadoLearning/TCAM_104/TCAM_104.srcs/sources_1/new/BRAM_Manager.sv:23]
INFO: [Synth 8-6157] synthesizing module 'BRAM_Manager__parameterized5' [C:/Users/aadit/Documents/HardwareFirewall/VivadoLearning/TCAM_104/TCAM_104.srcs/sources_1/new/BRAM_Manager.sv:23]
	Parameter DEPTH bound to: 32'sb00000000000000000000001000000000 
	Parameter WIDTH bound to: 32'sb00000000000000000000000001001000 
	Parameter MEM_FILE bound to: mem_0_6.mem - type: string 
INFO: [Synth 8-251] Loading memory from mem_0_6.mem [C:/Users/aadit/Documents/HardwareFirewall/VivadoLearning/TCAM_104/TCAM_104.srcs/sources_1/new/BRAM_Manager.sv:61]
INFO: [Synth 8-3876] $readmem data file 'mem_0_6.mem' is read successfully [C:/Users/aadit/Documents/HardwareFirewall/VivadoLearning/TCAM_104/TCAM_104.srcs/sources_1/new/BRAM_Manager.sv:62]
INFO: [Synth 8-6155] done synthesizing module 'BRAM_Manager__parameterized5' (0#1) [C:/Users/aadit/Documents/HardwareFirewall/VivadoLearning/TCAM_104/TCAM_104.srcs/sources_1/new/BRAM_Manager.sv:23]
INFO: [Synth 8-6157] synthesizing module 'BRAM_Manager__parameterized6' [C:/Users/aadit/Documents/HardwareFirewall/VivadoLearning/TCAM_104/TCAM_104.srcs/sources_1/new/BRAM_Manager.sv:23]
	Parameter DEPTH bound to: 32'sb00000000000000000000001000000000 
	Parameter WIDTH bound to: 32'sb00000000000000000000000001001000 
	Parameter MEM_FILE bound to: mem_0_7.mem - type: string 
INFO: [Synth 8-251] Loading memory from mem_0_7.mem [C:/Users/aadit/Documents/HardwareFirewall/VivadoLearning/TCAM_104/TCAM_104.srcs/sources_1/new/BRAM_Manager.sv:61]
INFO: [Synth 8-3876] $readmem data file 'mem_0_7.mem' is read successfully [C:/Users/aadit/Documents/HardwareFirewall/VivadoLearning/TCAM_104/TCAM_104.srcs/sources_1/new/BRAM_Manager.sv:62]
INFO: [Synth 8-6155] done synthesizing module 'BRAM_Manager__parameterized6' (0#1) [C:/Users/aadit/Documents/HardwareFirewall/VivadoLearning/TCAM_104/TCAM_104.srcs/sources_1/new/BRAM_Manager.sv:23]
INFO: [Synth 8-6157] synthesizing module 'BRAM_Manager__parameterized7' [C:/Users/aadit/Documents/HardwareFirewall/VivadoLearning/TCAM_104/TCAM_104.srcs/sources_1/new/BRAM_Manager.sv:23]
	Parameter DEPTH bound to: 32'sb00000000000000000000001000000000 
	Parameter WIDTH bound to: 32'sb00000000000000000000000001001000 
	Parameter MEM_FILE bound to: mem_0_8.mem - type: string 
INFO: [Synth 8-251] Loading memory from mem_0_8.mem [C:/Users/aadit/Documents/HardwareFirewall/VivadoLearning/TCAM_104/TCAM_104.srcs/sources_1/new/BRAM_Manager.sv:61]
INFO: [Synth 8-3876] $readmem data file 'mem_0_8.mem' is read successfully [C:/Users/aadit/Documents/HardwareFirewall/VivadoLearning/TCAM_104/TCAM_104.srcs/sources_1/new/BRAM_Manager.sv:62]
INFO: [Synth 8-6155] done synthesizing module 'BRAM_Manager__parameterized7' (0#1) [C:/Users/aadit/Documents/HardwareFirewall/VivadoLearning/TCAM_104/TCAM_104.srcs/sources_1/new/BRAM_Manager.sv:23]
INFO: [Synth 8-6157] synthesizing module 'BRAM_Manager__parameterized8' [C:/Users/aadit/Documents/HardwareFirewall/VivadoLearning/TCAM_104/TCAM_104.srcs/sources_1/new/BRAM_Manager.sv:23]
	Parameter DEPTH bound to: 32'sb00000000000000000000001000000000 
	Parameter WIDTH bound to: 32'sb00000000000000000000000001001000 
	Parameter MEM_FILE bound to: mem_0_9.mem - type: string 
INFO: [Synth 8-251] Loading memory from mem_0_9.mem [C:/Users/aadit/Documents/HardwareFirewall/VivadoLearning/TCAM_104/TCAM_104.srcs/sources_1/new/BRAM_Manager.sv:61]
INFO: [Synth 8-3876] $readmem data file 'mem_0_9.mem' is read successfully [C:/Users/aadit/Documents/HardwareFirewall/VivadoLearning/TCAM_104/TCAM_104.srcs/sources_1/new/BRAM_Manager.sv:62]
INFO: [Synth 8-6155] done synthesizing module 'BRAM_Manager__parameterized8' (0#1) [C:/Users/aadit/Documents/HardwareFirewall/VivadoLearning/TCAM_104/TCAM_104.srcs/sources_1/new/BRAM_Manager.sv:23]
INFO: [Synth 8-6157] synthesizing module 'BRAM_Manager__parameterized9' [C:/Users/aadit/Documents/HardwareFirewall/VivadoLearning/TCAM_104/TCAM_104.srcs/sources_1/new/BRAM_Manager.sv:23]
	Parameter DEPTH bound to: 32'sb00000000000000000000001000000000 
	Parameter WIDTH bound to: 32'sb00000000000000000000000001001000 
	Parameter MEM_FILE bound to: mem_0_10.mem - type: string 
INFO: [Synth 8-251] Loading memory from mem_0_10.mem [C:/Users/aadit/Documents/HardwareFirewall/VivadoLearning/TCAM_104/TCAM_104.srcs/sources_1/new/BRAM_Manager.sv:61]
INFO: [Synth 8-3876] $readmem data file 'mem_0_10.mem' is read successfully [C:/Users/aadit/Documents/HardwareFirewall/VivadoLearning/TCAM_104/TCAM_104.srcs/sources_1/new/BRAM_Manager.sv:62]
INFO: [Synth 8-6155] done synthesizing module 'BRAM_Manager__parameterized9' (0#1) [C:/Users/aadit/Documents/HardwareFirewall/VivadoLearning/TCAM_104/TCAM_104.srcs/sources_1/new/BRAM_Manager.sv:23]
INFO: [Synth 8-6157] synthesizing module 'BRAM_Manager__parameterized10' [C:/Users/aadit/Documents/HardwareFirewall/VivadoLearning/TCAM_104/TCAM_104.srcs/sources_1/new/BRAM_Manager.sv:23]
	Parameter DEPTH bound to: 32'sb00000000000000000000001000000000 
	Parameter WIDTH bound to: 32'sb00000000000000000000000001001000 
	Parameter MEM_FILE bound to: mem_0_11.mem - type: string 
INFO: [Synth 8-251] Loading memory from mem_0_11.mem [C:/Users/aadit/Documents/HardwareFirewall/VivadoLearning/TCAM_104/TCAM_104.srcs/sources_1/new/BRAM_Manager.sv:61]
INFO: [Synth 8-3876] $readmem data file 'mem_0_11.mem' is read successfully [C:/Users/aadit/Documents/HardwareFirewall/VivadoLearning/TCAM_104/TCAM_104.srcs/sources_1/new/BRAM_Manager.sv:62]
INFO: [Synth 8-6155] done synthesizing module 'BRAM_Manager__parameterized10' (0#1) [C:/Users/aadit/Documents/HardwareFirewall/VivadoLearning/TCAM_104/TCAM_104.srcs/sources_1/new/BRAM_Manager.sv:23]
INFO: [Synth 8-6157] synthesizing module 'BRAM_Manager__parameterized11' [C:/Users/aadit/Documents/HardwareFirewall/VivadoLearning/TCAM_104/TCAM_104.srcs/sources_1/new/BRAM_Manager.sv:23]
	Parameter DEPTH bound to: 32'sb00000000000000000000001000000000 
	Parameter WIDTH bound to: 32'sb00000000000000000000000001001000 
	Parameter MEM_FILE bound to: mem_1_0.mem - type: string 
INFO: [Synth 8-251] Loading memory from mem_1_0.mem [C:/Users/aadit/Documents/HardwareFirewall/VivadoLearning/TCAM_104/TCAM_104.srcs/sources_1/new/BRAM_Manager.sv:61]
INFO: [Synth 8-3876] $readmem data file 'mem_1_0.mem' is read successfully [C:/Users/aadit/Documents/HardwareFirewall/VivadoLearning/TCAM_104/TCAM_104.srcs/sources_1/new/BRAM_Manager.sv:62]
INFO: [Synth 8-6155] done synthesizing module 'BRAM_Manager__parameterized11' (0#1) [C:/Users/aadit/Documents/HardwareFirewall/VivadoLearning/TCAM_104/TCAM_104.srcs/sources_1/new/BRAM_Manager.sv:23]
INFO: [Synth 8-6157] synthesizing module 'BRAM_Manager__parameterized12' [C:/Users/aadit/Documents/HardwareFirewall/VivadoLearning/TCAM_104/TCAM_104.srcs/sources_1/new/BRAM_Manager.sv:23]
	Parameter DEPTH bound to: 32'sb00000000000000000000001000000000 
	Parameter WIDTH bound to: 32'sb00000000000000000000000001001000 
	Parameter MEM_FILE bound to: mem_1_1.mem - type: string 
INFO: [Synth 8-251] Loading memory from mem_1_1.mem [C:/Users/aadit/Documents/HardwareFirewall/VivadoLearning/TCAM_104/TCAM_104.srcs/sources_1/new/BRAM_Manager.sv:61]
INFO: [Synth 8-3876] $readmem data file 'mem_1_1.mem' is read successfully [C:/Users/aadit/Documents/HardwareFirewall/VivadoLearning/TCAM_104/TCAM_104.srcs/sources_1/new/BRAM_Manager.sv:62]
INFO: [Synth 8-6155] done synthesizing module 'BRAM_Manager__parameterized12' (0#1) [C:/Users/aadit/Documents/HardwareFirewall/VivadoLearning/TCAM_104/TCAM_104.srcs/sources_1/new/BRAM_Manager.sv:23]
INFO: [Synth 8-6157] synthesizing module 'BRAM_Manager__parameterized13' [C:/Users/aadit/Documents/HardwareFirewall/VivadoLearning/TCAM_104/TCAM_104.srcs/sources_1/new/BRAM_Manager.sv:23]
	Parameter DEPTH bound to: 32'sb00000000000000000000001000000000 
	Parameter WIDTH bound to: 32'sb00000000000000000000000001001000 
	Parameter MEM_FILE bound to: mem_1_2.mem - type: string 
INFO: [Synth 8-251] Loading memory from mem_1_2.mem [C:/Users/aadit/Documents/HardwareFirewall/VivadoLearning/TCAM_104/TCAM_104.srcs/sources_1/new/BRAM_Manager.sv:61]
INFO: [Synth 8-3876] $readmem data file 'mem_1_2.mem' is read successfully [C:/Users/aadit/Documents/HardwareFirewall/VivadoLearning/TCAM_104/TCAM_104.srcs/sources_1/new/BRAM_Manager.sv:62]
INFO: [Synth 8-6155] done synthesizing module 'BRAM_Manager__parameterized13' (0#1) [C:/Users/aadit/Documents/HardwareFirewall/VivadoLearning/TCAM_104/TCAM_104.srcs/sources_1/new/BRAM_Manager.sv:23]
INFO: [Synth 8-6157] synthesizing module 'BRAM_Manager__parameterized14' [C:/Users/aadit/Documents/HardwareFirewall/VivadoLearning/TCAM_104/TCAM_104.srcs/sources_1/new/BRAM_Manager.sv:23]
	Parameter DEPTH bound to: 32'sb00000000000000000000001000000000 
	Parameter WIDTH bound to: 32'sb00000000000000000000000001001000 
	Parameter MEM_FILE bound to: mem_1_3.mem - type: string 
INFO: [Synth 8-251] Loading memory from mem_1_3.mem [C:/Users/aadit/Documents/HardwareFirewall/VivadoLearning/TCAM_104/TCAM_104.srcs/sources_1/new/BRAM_Manager.sv:61]
INFO: [Synth 8-3876] $readmem data file 'mem_1_3.mem' is read successfully [C:/Users/aadit/Documents/HardwareFirewall/VivadoLearning/TCAM_104/TCAM_104.srcs/sources_1/new/BRAM_Manager.sv:62]
INFO: [Synth 8-6155] done synthesizing module 'BRAM_Manager__parameterized14' (0#1) [C:/Users/aadit/Documents/HardwareFirewall/VivadoLearning/TCAM_104/TCAM_104.srcs/sources_1/new/BRAM_Manager.sv:23]
INFO: [Synth 8-6157] synthesizing module 'BRAM_Manager__parameterized15' [C:/Users/aadit/Documents/HardwareFirewall/VivadoLearning/TCAM_104/TCAM_104.srcs/sources_1/new/BRAM_Manager.sv:23]
	Parameter DEPTH bound to: 32'sb00000000000000000000001000000000 
	Parameter WIDTH bound to: 32'sb00000000000000000000000001001000 
	Parameter MEM_FILE bound to: mem_1_4.mem - type: string 
INFO: [Synth 8-251] Loading memory from mem_1_4.mem [C:/Users/aadit/Documents/HardwareFirewall/VivadoLearning/TCAM_104/TCAM_104.srcs/sources_1/new/BRAM_Manager.sv:61]
INFO: [Synth 8-3876] $readmem data file 'mem_1_4.mem' is read successfully [C:/Users/aadit/Documents/HardwareFirewall/VivadoLearning/TCAM_104/TCAM_104.srcs/sources_1/new/BRAM_Manager.sv:62]
INFO: [Synth 8-6155] done synthesizing module 'BRAM_Manager__parameterized15' (0#1) [C:/Users/aadit/Documents/HardwareFirewall/VivadoLearning/TCAM_104/TCAM_104.srcs/sources_1/new/BRAM_Manager.sv:23]
INFO: [Synth 8-6157] synthesizing module 'BRAM_Manager__parameterized16' [C:/Users/aadit/Documents/HardwareFirewall/VivadoLearning/TCAM_104/TCAM_104.srcs/sources_1/new/BRAM_Manager.sv:23]
	Parameter DEPTH bound to: 32'sb00000000000000000000001000000000 
	Parameter WIDTH bound to: 32'sb00000000000000000000000001001000 
	Parameter MEM_FILE bound to: mem_1_5.mem - type: string 
INFO: [Synth 8-251] Loading memory from mem_1_5.mem [C:/Users/aadit/Documents/HardwareFirewall/VivadoLearning/TCAM_104/TCAM_104.srcs/sources_1/new/BRAM_Manager.sv:61]
INFO: [Synth 8-3876] $readmem data file 'mem_1_5.mem' is read successfully [C:/Users/aadit/Documents/HardwareFirewall/VivadoLearning/TCAM_104/TCAM_104.srcs/sources_1/new/BRAM_Manager.sv:62]
INFO: [Synth 8-6155] done synthesizing module 'BRAM_Manager__parameterized16' (0#1) [C:/Users/aadit/Documents/HardwareFirewall/VivadoLearning/TCAM_104/TCAM_104.srcs/sources_1/new/BRAM_Manager.sv:23]
INFO: [Synth 8-6157] synthesizing module 'BRAM_Manager__parameterized17' [C:/Users/aadit/Documents/HardwareFirewall/VivadoLearning/TCAM_104/TCAM_104.srcs/sources_1/new/BRAM_Manager.sv:23]
	Parameter DEPTH bound to: 32'sb00000000000000000000001000000000 
	Parameter WIDTH bound to: 32'sb00000000000000000000000001001000 
	Parameter MEM_FILE bound to: mem_1_6.mem - type: string 
INFO: [Synth 8-251] Loading memory from mem_1_6.mem [C:/Users/aadit/Documents/HardwareFirewall/VivadoLearning/TCAM_104/TCAM_104.srcs/sources_1/new/BRAM_Manager.sv:61]
INFO: [Synth 8-3876] $readmem data file 'mem_1_6.mem' is read successfully [C:/Users/aadit/Documents/HardwareFirewall/VivadoLearning/TCAM_104/TCAM_104.srcs/sources_1/new/BRAM_Manager.sv:62]
INFO: [Synth 8-6155] done synthesizing module 'BRAM_Manager__parameterized17' (0#1) [C:/Users/aadit/Documents/HardwareFirewall/VivadoLearning/TCAM_104/TCAM_104.srcs/sources_1/new/BRAM_Manager.sv:23]
INFO: [Synth 8-6157] synthesizing module 'BRAM_Manager__parameterized18' [C:/Users/aadit/Documents/HardwareFirewall/VivadoLearning/TCAM_104/TCAM_104.srcs/sources_1/new/BRAM_Manager.sv:23]
	Parameter DEPTH bound to: 32'sb00000000000000000000001000000000 
	Parameter WIDTH bound to: 32'sb00000000000000000000000001001000 
	Parameter MEM_FILE bound to: mem_1_7.mem - type: string 
INFO: [Synth 8-251] Loading memory from mem_1_7.mem [C:/Users/aadit/Documents/HardwareFirewall/VivadoLearning/TCAM_104/TCAM_104.srcs/sources_1/new/BRAM_Manager.sv:61]
INFO: [Synth 8-3876] $readmem data file 'mem_1_7.mem' is read successfully [C:/Users/aadit/Documents/HardwareFirewall/VivadoLearning/TCAM_104/TCAM_104.srcs/sources_1/new/BRAM_Manager.sv:62]
INFO: [Synth 8-6155] done synthesizing module 'BRAM_Manager__parameterized18' (0#1) [C:/Users/aadit/Documents/HardwareFirewall/VivadoLearning/TCAM_104/TCAM_104.srcs/sources_1/new/BRAM_Manager.sv:23]
INFO: [Synth 8-6157] synthesizing module 'BRAM_Manager__parameterized19' [C:/Users/aadit/Documents/HardwareFirewall/VivadoLearning/TCAM_104/TCAM_104.srcs/sources_1/new/BRAM_Manager.sv:23]
	Parameter DEPTH bound to: 32'sb00000000000000000000001000000000 
	Parameter WIDTH bound to: 32'sb00000000000000000000000001001000 
	Parameter MEM_FILE bound to: mem_1_8.mem - type: string 
INFO: [Synth 8-251] Loading memory from mem_1_8.mem [C:/Users/aadit/Documents/HardwareFirewall/VivadoLearning/TCAM_104/TCAM_104.srcs/sources_1/new/BRAM_Manager.sv:61]
INFO: [Synth 8-3876] $readmem data file 'mem_1_8.mem' is read successfully [C:/Users/aadit/Documents/HardwareFirewall/VivadoLearning/TCAM_104/TCAM_104.srcs/sources_1/new/BRAM_Manager.sv:62]
INFO: [Synth 8-6155] done synthesizing module 'BRAM_Manager__parameterized19' (0#1) [C:/Users/aadit/Documents/HardwareFirewall/VivadoLearning/TCAM_104/TCAM_104.srcs/sources_1/new/BRAM_Manager.sv:23]
INFO: [Synth 8-6157] synthesizing module 'BRAM_Manager__parameterized20' [C:/Users/aadit/Documents/HardwareFirewall/VivadoLearning/TCAM_104/TCAM_104.srcs/sources_1/new/BRAM_Manager.sv:23]
	Parameter DEPTH bound to: 32'sb00000000000000000000001000000000 
	Parameter WIDTH bound to: 32'sb00000000000000000000000001001000 
	Parameter MEM_FILE bound to: mem_1_9.mem - type: string 
INFO: [Synth 8-251] Loading memory from mem_1_9.mem [C:/Users/aadit/Documents/HardwareFirewall/VivadoLearning/TCAM_104/TCAM_104.srcs/sources_1/new/BRAM_Manager.sv:61]
INFO: [Synth 8-3876] $readmem data file 'mem_1_9.mem' is read successfully [C:/Users/aadit/Documents/HardwareFirewall/VivadoLearning/TCAM_104/TCAM_104.srcs/sources_1/new/BRAM_Manager.sv:62]
INFO: [Synth 8-6155] done synthesizing module 'BRAM_Manager__parameterized20' (0#1) [C:/Users/aadit/Documents/HardwareFirewall/VivadoLearning/TCAM_104/TCAM_104.srcs/sources_1/new/BRAM_Manager.sv:23]
INFO: [Synth 8-6157] synthesizing module 'BRAM_Manager__parameterized21' [C:/Users/aadit/Documents/HardwareFirewall/VivadoLearning/TCAM_104/TCAM_104.srcs/sources_1/new/BRAM_Manager.sv:23]
	Parameter DEPTH bound to: 32'sb00000000000000000000001000000000 
	Parameter WIDTH bound to: 32'sb00000000000000000000000001001000 
	Parameter MEM_FILE bound to: mem_1_10.mem - type: string 
INFO: [Synth 8-251] Loading memory from mem_1_10.mem [C:/Users/aadit/Documents/HardwareFirewall/VivadoLearning/TCAM_104/TCAM_104.srcs/sources_1/new/BRAM_Manager.sv:61]
INFO: [Synth 8-3876] $readmem data file 'mem_1_10.mem' is read successfully [C:/Users/aadit/Documents/HardwareFirewall/VivadoLearning/TCAM_104/TCAM_104.srcs/sources_1/new/BRAM_Manager.sv:62]
INFO: [Synth 8-6155] done synthesizing module 'BRAM_Manager__parameterized21' (0#1) [C:/Users/aadit/Documents/HardwareFirewall/VivadoLearning/TCAM_104/TCAM_104.srcs/sources_1/new/BRAM_Manager.sv:23]
INFO: [Synth 8-6157] synthesizing module 'BRAM_Manager__parameterized22' [C:/Users/aadit/Documents/HardwareFirewall/VivadoLearning/TCAM_104/TCAM_104.srcs/sources_1/new/BRAM_Manager.sv:23]
	Parameter DEPTH bound to: 32'sb00000000000000000000001000000000 
	Parameter WIDTH bound to: 32'sb00000000000000000000000001001000 
	Parameter MEM_FILE bound to: mem_1_11.mem - type: string 
INFO: [Synth 8-251] Loading memory from mem_1_11.mem [C:/Users/aadit/Documents/HardwareFirewall/VivadoLearning/TCAM_104/TCAM_104.srcs/sources_1/new/BRAM_Manager.sv:61]
INFO: [Synth 8-3876] $readmem data file 'mem_1_11.mem' is read successfully [C:/Users/aadit/Documents/HardwareFirewall/VivadoLearning/TCAM_104/TCAM_104.srcs/sources_1/new/BRAM_Manager.sv:62]
INFO: [Synth 8-6155] done synthesizing module 'BRAM_Manager__parameterized22' (0#1) [C:/Users/aadit/Documents/HardwareFirewall/VivadoLearning/TCAM_104/TCAM_104.srcs/sources_1/new/BRAM_Manager.sv:23]
INFO: [Synth 8-6157] synthesizing module 'BRAM_Manager__parameterized23' [C:/Users/aadit/Documents/HardwareFirewall/VivadoLearning/TCAM_104/TCAM_104.srcs/sources_1/new/BRAM_Manager.sv:23]
	Parameter DEPTH bound to: 32'sb00000000000000000000001000000000 
	Parameter WIDTH bound to: 32'sb00000000000000000000000001001000 
	Parameter MEM_FILE bound to: mem_2_0.mem - type: string 
INFO: [Synth 8-251] Loading memory from mem_2_0.mem [C:/Users/aadit/Documents/HardwareFirewall/VivadoLearning/TCAM_104/TCAM_104.srcs/sources_1/new/BRAM_Manager.sv:61]
INFO: [Synth 8-3876] $readmem data file 'mem_2_0.mem' is read successfully [C:/Users/aadit/Documents/HardwareFirewall/VivadoLearning/TCAM_104/TCAM_104.srcs/sources_1/new/BRAM_Manager.sv:62]
INFO: [Synth 8-6155] done synthesizing module 'BRAM_Manager__parameterized23' (0#1) [C:/Users/aadit/Documents/HardwareFirewall/VivadoLearning/TCAM_104/TCAM_104.srcs/sources_1/new/BRAM_Manager.sv:23]
INFO: [Synth 8-6157] synthesizing module 'BRAM_Manager__parameterized24' [C:/Users/aadit/Documents/HardwareFirewall/VivadoLearning/TCAM_104/TCAM_104.srcs/sources_1/new/BRAM_Manager.sv:23]
	Parameter DEPTH bound to: 32'sb00000000000000000000001000000000 
	Parameter WIDTH bound to: 32'sb00000000000000000000000001001000 
	Parameter MEM_FILE bound to: mem_2_1.mem - type: string 
INFO: [Synth 8-251] Loading memory from mem_2_1.mem [C:/Users/aadit/Documents/HardwareFirewall/VivadoLearning/TCAM_104/TCAM_104.srcs/sources_1/new/BRAM_Manager.sv:61]
INFO: [Synth 8-3876] $readmem data file 'mem_2_1.mem' is read successfully [C:/Users/aadit/Documents/HardwareFirewall/VivadoLearning/TCAM_104/TCAM_104.srcs/sources_1/new/BRAM_Manager.sv:62]
INFO: [Synth 8-6155] done synthesizing module 'BRAM_Manager__parameterized24' (0#1) [C:/Users/aadit/Documents/HardwareFirewall/VivadoLearning/TCAM_104/TCAM_104.srcs/sources_1/new/BRAM_Manager.sv:23]
INFO: [Synth 8-6157] synthesizing module 'BRAM_Manager__parameterized25' [C:/Users/aadit/Documents/HardwareFirewall/VivadoLearning/TCAM_104/TCAM_104.srcs/sources_1/new/BRAM_Manager.sv:23]
	Parameter DEPTH bound to: 32'sb00000000000000000000001000000000 
	Parameter WIDTH bound to: 32'sb00000000000000000000000001001000 
	Parameter MEM_FILE bound to: mem_2_2.mem - type: string 
INFO: [Synth 8-251] Loading memory from mem_2_2.mem [C:/Users/aadit/Documents/HardwareFirewall/VivadoLearning/TCAM_104/TCAM_104.srcs/sources_1/new/BRAM_Manager.sv:61]
INFO: [Synth 8-3876] $readmem data file 'mem_2_2.mem' is read successfully [C:/Users/aadit/Documents/HardwareFirewall/VivadoLearning/TCAM_104/TCAM_104.srcs/sources_1/new/BRAM_Manager.sv:62]
INFO: [Synth 8-6155] done synthesizing module 'BRAM_Manager__parameterized25' (0#1) [C:/Users/aadit/Documents/HardwareFirewall/VivadoLearning/TCAM_104/TCAM_104.srcs/sources_1/new/BRAM_Manager.sv:23]
INFO: [Synth 8-6157] synthesizing module 'BRAM_Manager__parameterized26' [C:/Users/aadit/Documents/HardwareFirewall/VivadoLearning/TCAM_104/TCAM_104.srcs/sources_1/new/BRAM_Manager.sv:23]
	Parameter DEPTH bound to: 32'sb00000000000000000000001000000000 
	Parameter WIDTH bound to: 32'sb00000000000000000000000001001000 
	Parameter MEM_FILE bound to: mem_2_3.mem - type: string 
INFO: [Synth 8-251] Loading memory from mem_2_3.mem [C:/Users/aadit/Documents/HardwareFirewall/VivadoLearning/TCAM_104/TCAM_104.srcs/sources_1/new/BRAM_Manager.sv:61]
INFO: [Synth 8-3876] $readmem data file 'mem_2_3.mem' is read successfully [C:/Users/aadit/Documents/HardwareFirewall/VivadoLearning/TCAM_104/TCAM_104.srcs/sources_1/new/BRAM_Manager.sv:62]
INFO: [Synth 8-6155] done synthesizing module 'BRAM_Manager__parameterized26' (0#1) [C:/Users/aadit/Documents/HardwareFirewall/VivadoLearning/TCAM_104/TCAM_104.srcs/sources_1/new/BRAM_Manager.sv:23]
INFO: [Synth 8-6157] synthesizing module 'BRAM_Manager__parameterized27' [C:/Users/aadit/Documents/HardwareFirewall/VivadoLearning/TCAM_104/TCAM_104.srcs/sources_1/new/BRAM_Manager.sv:23]
	Parameter DEPTH bound to: 32'sb00000000000000000000001000000000 
	Parameter WIDTH bound to: 32'sb00000000000000000000000001001000 
	Parameter MEM_FILE bound to: mem_2_4.mem - type: string 
INFO: [Synth 8-251] Loading memory from mem_2_4.mem [C:/Users/aadit/Documents/HardwareFirewall/VivadoLearning/TCAM_104/TCAM_104.srcs/sources_1/new/BRAM_Manager.sv:61]
INFO: [Synth 8-3876] $readmem data file 'mem_2_4.mem' is read successfully [C:/Users/aadit/Documents/HardwareFirewall/VivadoLearning/TCAM_104/TCAM_104.srcs/sources_1/new/BRAM_Manager.sv:62]
INFO: [Synth 8-6155] done synthesizing module 'BRAM_Manager__parameterized27' (0#1) [C:/Users/aadit/Documents/HardwareFirewall/VivadoLearning/TCAM_104/TCAM_104.srcs/sources_1/new/BRAM_Manager.sv:23]
INFO: [Synth 8-6157] synthesizing module 'BRAM_Manager__parameterized28' [C:/Users/aadit/Documents/HardwareFirewall/VivadoLearning/TCAM_104/TCAM_104.srcs/sources_1/new/BRAM_Manager.sv:23]
	Parameter DEPTH bound to: 32'sb00000000000000000000001000000000 
	Parameter WIDTH bound to: 32'sb00000000000000000000000001001000 
	Parameter MEM_FILE bound to: mem_2_5.mem - type: string 
INFO: [Synth 8-251] Loading memory from mem_2_5.mem [C:/Users/aadit/Documents/HardwareFirewall/VivadoLearning/TCAM_104/TCAM_104.srcs/sources_1/new/BRAM_Manager.sv:61]
INFO: [Synth 8-3876] $readmem data file 'mem_2_5.mem' is read successfully [C:/Users/aadit/Documents/HardwareFirewall/VivadoLearning/TCAM_104/TCAM_104.srcs/sources_1/new/BRAM_Manager.sv:62]
INFO: [Synth 8-6155] done synthesizing module 'BRAM_Manager__parameterized28' (0#1) [C:/Users/aadit/Documents/HardwareFirewall/VivadoLearning/TCAM_104/TCAM_104.srcs/sources_1/new/BRAM_Manager.sv:23]
INFO: [Synth 8-6157] synthesizing module 'BRAM_Manager__parameterized29' [C:/Users/aadit/Documents/HardwareFirewall/VivadoLearning/TCAM_104/TCAM_104.srcs/sources_1/new/BRAM_Manager.sv:23]
	Parameter DEPTH bound to: 32'sb00000000000000000000001000000000 
	Parameter WIDTH bound to: 32'sb00000000000000000000000001001000 
	Parameter MEM_FILE bound to: mem_2_6.mem - type: string 
INFO: [Synth 8-251] Loading memory from mem_2_6.mem [C:/Users/aadit/Documents/HardwareFirewall/VivadoLearning/TCAM_104/TCAM_104.srcs/sources_1/new/BRAM_Manager.sv:61]
INFO: [Synth 8-3876] $readmem data file 'mem_2_6.mem' is read successfully [C:/Users/aadit/Documents/HardwareFirewall/VivadoLearning/TCAM_104/TCAM_104.srcs/sources_1/new/BRAM_Manager.sv:62]
INFO: [Synth 8-6155] done synthesizing module 'BRAM_Manager__parameterized29' (0#1) [C:/Users/aadit/Documents/HardwareFirewall/VivadoLearning/TCAM_104/TCAM_104.srcs/sources_1/new/BRAM_Manager.sv:23]
INFO: [Synth 8-6157] synthesizing module 'BRAM_Manager__parameterized30' [C:/Users/aadit/Documents/HardwareFirewall/VivadoLearning/TCAM_104/TCAM_104.srcs/sources_1/new/BRAM_Manager.sv:23]
	Parameter DEPTH bound to: 32'sb00000000000000000000001000000000 
	Parameter WIDTH bound to: 32'sb00000000000000000000000001001000 
	Parameter MEM_FILE bound to: mem_2_7.mem - type: string 
INFO: [Synth 8-251] Loading memory from mem_2_7.mem [C:/Users/aadit/Documents/HardwareFirewall/VivadoLearning/TCAM_104/TCAM_104.srcs/sources_1/new/BRAM_Manager.sv:61]
INFO: [Synth 8-3876] $readmem data file 'mem_2_7.mem' is read successfully [C:/Users/aadit/Documents/HardwareFirewall/VivadoLearning/TCAM_104/TCAM_104.srcs/sources_1/new/BRAM_Manager.sv:62]
INFO: [Synth 8-6155] done synthesizing module 'BRAM_Manager__parameterized30' (0#1) [C:/Users/aadit/Documents/HardwareFirewall/VivadoLearning/TCAM_104/TCAM_104.srcs/sources_1/new/BRAM_Manager.sv:23]
INFO: [Synth 8-6157] synthesizing module 'BRAM_Manager__parameterized31' [C:/Users/aadit/Documents/HardwareFirewall/VivadoLearning/TCAM_104/TCAM_104.srcs/sources_1/new/BRAM_Manager.sv:23]
	Parameter DEPTH bound to: 32'sb00000000000000000000001000000000 
	Parameter WIDTH bound to: 32'sb00000000000000000000000001001000 
	Parameter MEM_FILE bound to: mem_2_8.mem - type: string 
INFO: [Synth 8-251] Loading memory from mem_2_8.mem [C:/Users/aadit/Documents/HardwareFirewall/VivadoLearning/TCAM_104/TCAM_104.srcs/sources_1/new/BRAM_Manager.sv:61]
INFO: [Synth 8-3876] $readmem data file 'mem_2_8.mem' is read successfully [C:/Users/aadit/Documents/HardwareFirewall/VivadoLearning/TCAM_104/TCAM_104.srcs/sources_1/new/BRAM_Manager.sv:62]
INFO: [Synth 8-6155] done synthesizing module 'BRAM_Manager__parameterized31' (0#1) [C:/Users/aadit/Documents/HardwareFirewall/VivadoLearning/TCAM_104/TCAM_104.srcs/sources_1/new/BRAM_Manager.sv:23]
INFO: [Synth 8-6157] synthesizing module 'BRAM_Manager__parameterized32' [C:/Users/aadit/Documents/HardwareFirewall/VivadoLearning/TCAM_104/TCAM_104.srcs/sources_1/new/BRAM_Manager.sv:23]
	Parameter DEPTH bound to: 32'sb00000000000000000000001000000000 
	Parameter WIDTH bound to: 32'sb00000000000000000000000001001000 
	Parameter MEM_FILE bound to: mem_2_9.mem - type: string 
INFO: [Synth 8-251] Loading memory from mem_2_9.mem [C:/Users/aadit/Documents/HardwareFirewall/VivadoLearning/TCAM_104/TCAM_104.srcs/sources_1/new/BRAM_Manager.sv:61]
INFO: [Synth 8-3876] $readmem data file 'mem_2_9.mem' is read successfully [C:/Users/aadit/Documents/HardwareFirewall/VivadoLearning/TCAM_104/TCAM_104.srcs/sources_1/new/BRAM_Manager.sv:62]
INFO: [Synth 8-6155] done synthesizing module 'BRAM_Manager__parameterized32' (0#1) [C:/Users/aadit/Documents/HardwareFirewall/VivadoLearning/TCAM_104/TCAM_104.srcs/sources_1/new/BRAM_Manager.sv:23]
INFO: [Synth 8-6157] synthesizing module 'BRAM_Manager__parameterized33' [C:/Users/aadit/Documents/HardwareFirewall/VivadoLearning/TCAM_104/TCAM_104.srcs/sources_1/new/BRAM_Manager.sv:23]
	Parameter DEPTH bound to: 32'sb00000000000000000000001000000000 
	Parameter WIDTH bound to: 32'sb00000000000000000000000001001000 
	Parameter MEM_FILE bound to: mem_2_10.mem - type: string 
INFO: [Synth 8-251] Loading memory from mem_2_10.mem [C:/Users/aadit/Documents/HardwareFirewall/VivadoLearning/TCAM_104/TCAM_104.srcs/sources_1/new/BRAM_Manager.sv:61]
INFO: [Synth 8-3876] $readmem data file 'mem_2_10.mem' is read successfully [C:/Users/aadit/Documents/HardwareFirewall/VivadoLearning/TCAM_104/TCAM_104.srcs/sources_1/new/BRAM_Manager.sv:62]
INFO: [Synth 8-6155] done synthesizing module 'BRAM_Manager__parameterized33' (0#1) [C:/Users/aadit/Documents/HardwareFirewall/VivadoLearning/TCAM_104/TCAM_104.srcs/sources_1/new/BRAM_Manager.sv:23]
INFO: [Synth 8-6157] synthesizing module 'BRAM_Manager__parameterized34' [C:/Users/aadit/Documents/HardwareFirewall/VivadoLearning/TCAM_104/TCAM_104.srcs/sources_1/new/BRAM_Manager.sv:23]
	Parameter DEPTH bound to: 32'sb00000000000000000000001000000000 
	Parameter WIDTH bound to: 32'sb00000000000000000000000001001000 
	Parameter MEM_FILE bound to: mem_2_11.mem - type: string 
INFO: [Synth 8-251] Loading memory from mem_2_11.mem [C:/Users/aadit/Documents/HardwareFirewall/VivadoLearning/TCAM_104/TCAM_104.srcs/sources_1/new/BRAM_Manager.sv:61]
INFO: [Synth 8-3876] $readmem data file 'mem_2_11.mem' is read successfully [C:/Users/aadit/Documents/HardwareFirewall/VivadoLearning/TCAM_104/TCAM_104.srcs/sources_1/new/BRAM_Manager.sv:62]
INFO: [Synth 8-6155] done synthesizing module 'BRAM_Manager__parameterized34' (0#1) [C:/Users/aadit/Documents/HardwareFirewall/VivadoLearning/TCAM_104/TCAM_104.srcs/sources_1/new/BRAM_Manager.sv:23]
INFO: [Synth 8-6157] synthesizing module 'BRAM_Manager__parameterized35' [C:/Users/aadit/Documents/HardwareFirewall/VivadoLearning/TCAM_104/TCAM_104.srcs/sources_1/new/BRAM_Manager.sv:23]
	Parameter DEPTH bound to: 32'sb00000000000000000000001000000000 
	Parameter WIDTH bound to: 32'sb00000000000000000000000001001000 
	Parameter MEM_FILE bound to: mem_3_0.mem - type: string 
INFO: [Synth 8-251] Loading memory from mem_3_0.mem [C:/Users/aadit/Documents/HardwareFirewall/VivadoLearning/TCAM_104/TCAM_104.srcs/sources_1/new/BRAM_Manager.sv:61]
INFO: [Synth 8-3876] $readmem data file 'mem_3_0.mem' is read successfully [C:/Users/aadit/Documents/HardwareFirewall/VivadoLearning/TCAM_104/TCAM_104.srcs/sources_1/new/BRAM_Manager.sv:62]
INFO: [Synth 8-6155] done synthesizing module 'BRAM_Manager__parameterized35' (0#1) [C:/Users/aadit/Documents/HardwareFirewall/VivadoLearning/TCAM_104/TCAM_104.srcs/sources_1/new/BRAM_Manager.sv:23]
INFO: [Synth 8-6157] synthesizing module 'BRAM_Manager__parameterized36' [C:/Users/aadit/Documents/HardwareFirewall/VivadoLearning/TCAM_104/TCAM_104.srcs/sources_1/new/BRAM_Manager.sv:23]
	Parameter DEPTH bound to: 32'sb00000000000000000000001000000000 
	Parameter WIDTH bound to: 32'sb00000000000000000000000001001000 
	Parameter MEM_FILE bound to: mem_3_1.mem - type: string 
INFO: [Synth 8-251] Loading memory from mem_3_1.mem [C:/Users/aadit/Documents/HardwareFirewall/VivadoLearning/TCAM_104/TCAM_104.srcs/sources_1/new/BRAM_Manager.sv:61]
INFO: [Synth 8-3876] $readmem data file 'mem_3_1.mem' is read successfully [C:/Users/aadit/Documents/HardwareFirewall/VivadoLearning/TCAM_104/TCAM_104.srcs/sources_1/new/BRAM_Manager.sv:62]
INFO: [Synth 8-6155] done synthesizing module 'BRAM_Manager__parameterized36' (0#1) [C:/Users/aadit/Documents/HardwareFirewall/VivadoLearning/TCAM_104/TCAM_104.srcs/sources_1/new/BRAM_Manager.sv:23]
INFO: [Synth 8-6157] synthesizing module 'BRAM_Manager__parameterized37' [C:/Users/aadit/Documents/HardwareFirewall/VivadoLearning/TCAM_104/TCAM_104.srcs/sources_1/new/BRAM_Manager.sv:23]
	Parameter DEPTH bound to: 32'sb00000000000000000000001000000000 
	Parameter WIDTH bound to: 32'sb00000000000000000000000001001000 
	Parameter MEM_FILE bound to: mem_3_2.mem - type: string 
INFO: [Synth 8-251] Loading memory from mem_3_2.mem [C:/Users/aadit/Documents/HardwareFirewall/VivadoLearning/TCAM_104/TCAM_104.srcs/sources_1/new/BRAM_Manager.sv:61]
INFO: [Synth 8-3876] $readmem data file 'mem_3_2.mem' is read successfully [C:/Users/aadit/Documents/HardwareFirewall/VivadoLearning/TCAM_104/TCAM_104.srcs/sources_1/new/BRAM_Manager.sv:62]
INFO: [Synth 8-6155] done synthesizing module 'BRAM_Manager__parameterized37' (0#1) [C:/Users/aadit/Documents/HardwareFirewall/VivadoLearning/TCAM_104/TCAM_104.srcs/sources_1/new/BRAM_Manager.sv:23]
INFO: [Synth 8-6157] synthesizing module 'BRAM_Manager__parameterized38' [C:/Users/aadit/Documents/HardwareFirewall/VivadoLearning/TCAM_104/TCAM_104.srcs/sources_1/new/BRAM_Manager.sv:23]
	Parameter DEPTH bound to: 32'sb00000000000000000000001000000000 
	Parameter WIDTH bound to: 32'sb00000000000000000000000001001000 
	Parameter MEM_FILE bound to: mem_3_3.mem - type: string 
INFO: [Synth 8-251] Loading memory from mem_3_3.mem [C:/Users/aadit/Documents/HardwareFirewall/VivadoLearning/TCAM_104/TCAM_104.srcs/sources_1/new/BRAM_Manager.sv:61]
INFO: [Synth 8-3876] $readmem data file 'mem_3_3.mem' is read successfully [C:/Users/aadit/Documents/HardwareFirewall/VivadoLearning/TCAM_104/TCAM_104.srcs/sources_1/new/BRAM_Manager.sv:62]
INFO: [Synth 8-6155] done synthesizing module 'BRAM_Manager__parameterized38' (0#1) [C:/Users/aadit/Documents/HardwareFirewall/VivadoLearning/TCAM_104/TCAM_104.srcs/sources_1/new/BRAM_Manager.sv:23]
INFO: [Synth 8-6157] synthesizing module 'BRAM_Manager__parameterized39' [C:/Users/aadit/Documents/HardwareFirewall/VivadoLearning/TCAM_104/TCAM_104.srcs/sources_1/new/BRAM_Manager.sv:23]
	Parameter DEPTH bound to: 32'sb00000000000000000000001000000000 
	Parameter WIDTH bound to: 32'sb00000000000000000000000001001000 
	Parameter MEM_FILE bound to: mem_3_4.mem - type: string 
INFO: [Synth 8-251] Loading memory from mem_3_4.mem [C:/Users/aadit/Documents/HardwareFirewall/VivadoLearning/TCAM_104/TCAM_104.srcs/sources_1/new/BRAM_Manager.sv:61]
INFO: [Synth 8-3876] $readmem data file 'mem_3_4.mem' is read successfully [C:/Users/aadit/Documents/HardwareFirewall/VivadoLearning/TCAM_104/TCAM_104.srcs/sources_1/new/BRAM_Manager.sv:62]
INFO: [Synth 8-6155] done synthesizing module 'BRAM_Manager__parameterized39' (0#1) [C:/Users/aadit/Documents/HardwareFirewall/VivadoLearning/TCAM_104/TCAM_104.srcs/sources_1/new/BRAM_Manager.sv:23]
INFO: [Synth 8-6157] synthesizing module 'BRAM_Manager__parameterized40' [C:/Users/aadit/Documents/HardwareFirewall/VivadoLearning/TCAM_104/TCAM_104.srcs/sources_1/new/BRAM_Manager.sv:23]
	Parameter DEPTH bound to: 32'sb00000000000000000000001000000000 
	Parameter WIDTH bound to: 32'sb00000000000000000000000001001000 
	Parameter MEM_FILE bound to: mem_3_5.mem - type: string 
INFO: [Synth 8-251] Loading memory from mem_3_5.mem [C:/Users/aadit/Documents/HardwareFirewall/VivadoLearning/TCAM_104/TCAM_104.srcs/sources_1/new/BRAM_Manager.sv:61]
INFO: [Synth 8-3876] $readmem data file 'mem_3_5.mem' is read successfully [C:/Users/aadit/Documents/HardwareFirewall/VivadoLearning/TCAM_104/TCAM_104.srcs/sources_1/new/BRAM_Manager.sv:62]
INFO: [Synth 8-6155] done synthesizing module 'BRAM_Manager__parameterized40' (0#1) [C:/Users/aadit/Documents/HardwareFirewall/VivadoLearning/TCAM_104/TCAM_104.srcs/sources_1/new/BRAM_Manager.sv:23]
INFO: [Synth 8-6157] synthesizing module 'BRAM_Manager__parameterized41' [C:/Users/aadit/Documents/HardwareFirewall/VivadoLearning/TCAM_104/TCAM_104.srcs/sources_1/new/BRAM_Manager.sv:23]
	Parameter DEPTH bound to: 32'sb00000000000000000000001000000000 
	Parameter WIDTH bound to: 32'sb00000000000000000000000001001000 
	Parameter MEM_FILE bound to: mem_3_6.mem - type: string 
INFO: [Synth 8-251] Loading memory from mem_3_6.mem [C:/Users/aadit/Documents/HardwareFirewall/VivadoLearning/TCAM_104/TCAM_104.srcs/sources_1/new/BRAM_Manager.sv:61]
INFO: [Synth 8-3876] $readmem data file 'mem_3_6.mem' is read successfully [C:/Users/aadit/Documents/HardwareFirewall/VivadoLearning/TCAM_104/TCAM_104.srcs/sources_1/new/BRAM_Manager.sv:62]
INFO: [Synth 8-6155] done synthesizing module 'BRAM_Manager__parameterized41' (0#1) [C:/Users/aadit/Documents/HardwareFirewall/VivadoLearning/TCAM_104/TCAM_104.srcs/sources_1/new/BRAM_Manager.sv:23]
INFO: [Synth 8-6157] synthesizing module 'BRAM_Manager__parameterized42' [C:/Users/aadit/Documents/HardwareFirewall/VivadoLearning/TCAM_104/TCAM_104.srcs/sources_1/new/BRAM_Manager.sv:23]
	Parameter DEPTH bound to: 32'sb00000000000000000000001000000000 
	Parameter WIDTH bound to: 32'sb00000000000000000000000001001000 
	Parameter MEM_FILE bound to: mem_3_7.mem - type: string 
INFO: [Synth 8-251] Loading memory from mem_3_7.mem [C:/Users/aadit/Documents/HardwareFirewall/VivadoLearning/TCAM_104/TCAM_104.srcs/sources_1/new/BRAM_Manager.sv:61]
INFO: [Synth 8-3876] $readmem data file 'mem_3_7.mem' is read successfully [C:/Users/aadit/Documents/HardwareFirewall/VivadoLearning/TCAM_104/TCAM_104.srcs/sources_1/new/BRAM_Manager.sv:62]
INFO: [Synth 8-6155] done synthesizing module 'BRAM_Manager__parameterized42' (0#1) [C:/Users/aadit/Documents/HardwareFirewall/VivadoLearning/TCAM_104/TCAM_104.srcs/sources_1/new/BRAM_Manager.sv:23]
INFO: [Synth 8-6157] synthesizing module 'BRAM_Manager__parameterized43' [C:/Users/aadit/Documents/HardwareFirewall/VivadoLearning/TCAM_104/TCAM_104.srcs/sources_1/new/BRAM_Manager.sv:23]
	Parameter DEPTH bound to: 32'sb00000000000000000000001000000000 
	Parameter WIDTH bound to: 32'sb00000000000000000000000001001000 
	Parameter MEM_FILE bound to: mem_3_8.mem - type: string 
INFO: [Synth 8-251] Loading memory from mem_3_8.mem [C:/Users/aadit/Documents/HardwareFirewall/VivadoLearning/TCAM_104/TCAM_104.srcs/sources_1/new/BRAM_Manager.sv:61]
INFO: [Synth 8-3876] $readmem data file 'mem_3_8.mem' is read successfully [C:/Users/aadit/Documents/HardwareFirewall/VivadoLearning/TCAM_104/TCAM_104.srcs/sources_1/new/BRAM_Manager.sv:62]
INFO: [Synth 8-6155] done synthesizing module 'BRAM_Manager__parameterized43' (0#1) [C:/Users/aadit/Documents/HardwareFirewall/VivadoLearning/TCAM_104/TCAM_104.srcs/sources_1/new/BRAM_Manager.sv:23]
INFO: [Synth 8-6157] synthesizing module 'BRAM_Manager__parameterized44' [C:/Users/aadit/Documents/HardwareFirewall/VivadoLearning/TCAM_104/TCAM_104.srcs/sources_1/new/BRAM_Manager.sv:23]
	Parameter DEPTH bound to: 32'sb00000000000000000000001000000000 
	Parameter WIDTH bound to: 32'sb00000000000000000000000001001000 
	Parameter MEM_FILE bound to: mem_3_9.mem - type: string 
INFO: [Synth 8-251] Loading memory from mem_3_9.mem [C:/Users/aadit/Documents/HardwareFirewall/VivadoLearning/TCAM_104/TCAM_104.srcs/sources_1/new/BRAM_Manager.sv:61]
INFO: [Synth 8-3876] $readmem data file 'mem_3_9.mem' is read successfully [C:/Users/aadit/Documents/HardwareFirewall/VivadoLearning/TCAM_104/TCAM_104.srcs/sources_1/new/BRAM_Manager.sv:62]
INFO: [Synth 8-6155] done synthesizing module 'BRAM_Manager__parameterized44' (0#1) [C:/Users/aadit/Documents/HardwareFirewall/VivadoLearning/TCAM_104/TCAM_104.srcs/sources_1/new/BRAM_Manager.sv:23]
INFO: [Synth 8-6157] synthesizing module 'BRAM_Manager__parameterized45' [C:/Users/aadit/Documents/HardwareFirewall/VivadoLearning/TCAM_104/TCAM_104.srcs/sources_1/new/BRAM_Manager.sv:23]
	Parameter DEPTH bound to: 32'sb00000000000000000000001000000000 
	Parameter WIDTH bound to: 32'sb00000000000000000000000001001000 
	Parameter MEM_FILE bound to: mem_3_10.mem - type: string 
INFO: [Synth 8-251] Loading memory from mem_3_10.mem [C:/Users/aadit/Documents/HardwareFirewall/VivadoLearning/TCAM_104/TCAM_104.srcs/sources_1/new/BRAM_Manager.sv:61]
INFO: [Synth 8-3876] $readmem data file 'mem_3_10.mem' is read successfully [C:/Users/aadit/Documents/HardwareFirewall/VivadoLearning/TCAM_104/TCAM_104.srcs/sources_1/new/BRAM_Manager.sv:62]
INFO: [Synth 8-6155] done synthesizing module 'BRAM_Manager__parameterized45' (0#1) [C:/Users/aadit/Documents/HardwareFirewall/VivadoLearning/TCAM_104/TCAM_104.srcs/sources_1/new/BRAM_Manager.sv:23]
INFO: [Synth 8-6157] synthesizing module 'BRAM_Manager__parameterized46' [C:/Users/aadit/Documents/HardwareFirewall/VivadoLearning/TCAM_104/TCAM_104.srcs/sources_1/new/BRAM_Manager.sv:23]
	Parameter DEPTH bound to: 32'sb00000000000000000000001000000000 
	Parameter WIDTH bound to: 32'sb00000000000000000000000001001000 
	Parameter MEM_FILE bound to: mem_3_11.mem - type: string 
INFO: [Synth 8-251] Loading memory from mem_3_11.mem [C:/Users/aadit/Documents/HardwareFirewall/VivadoLearning/TCAM_104/TCAM_104.srcs/sources_1/new/BRAM_Manager.sv:61]
INFO: [Synth 8-3876] $readmem data file 'mem_3_11.mem' is read successfully [C:/Users/aadit/Documents/HardwareFirewall/VivadoLearning/TCAM_104/TCAM_104.srcs/sources_1/new/BRAM_Manager.sv:62]
INFO: [Synth 8-6155] done synthesizing module 'BRAM_Manager__parameterized46' (0#1) [C:/Users/aadit/Documents/HardwareFirewall/VivadoLearning/TCAM_104/TCAM_104.srcs/sources_1/new/BRAM_Manager.sv:23]
INFO: [Synth 8-6157] synthesizing module 'BRAM_Manager__parameterized47' [C:/Users/aadit/Documents/HardwareFirewall/VivadoLearning/TCAM_104/TCAM_104.srcs/sources_1/new/BRAM_Manager.sv:23]
	Parameter DEPTH bound to: 32'sb00000000000000000000001000000000 
	Parameter WIDTH bound to: 32'sb00000000000000000000000001001000 
	Parameter MEM_FILE bound to: mem_4_0.mem - type: string 
INFO: [Synth 8-251] Loading memory from mem_4_0.mem [C:/Users/aadit/Documents/HardwareFirewall/VivadoLearning/TCAM_104/TCAM_104.srcs/sources_1/new/BRAM_Manager.sv:61]
INFO: [Synth 8-3876] $readmem data file 'mem_4_0.mem' is read successfully [C:/Users/aadit/Documents/HardwareFirewall/VivadoLearning/TCAM_104/TCAM_104.srcs/sources_1/new/BRAM_Manager.sv:62]
INFO: [Synth 8-6155] done synthesizing module 'BRAM_Manager__parameterized47' (0#1) [C:/Users/aadit/Documents/HardwareFirewall/VivadoLearning/TCAM_104/TCAM_104.srcs/sources_1/new/BRAM_Manager.sv:23]
INFO: [Synth 8-6157] synthesizing module 'BRAM_Manager__parameterized48' [C:/Users/aadit/Documents/HardwareFirewall/VivadoLearning/TCAM_104/TCAM_104.srcs/sources_1/new/BRAM_Manager.sv:23]
	Parameter DEPTH bound to: 32'sb00000000000000000000001000000000 
	Parameter WIDTH bound to: 32'sb00000000000000000000000001001000 
	Parameter MEM_FILE bound to: mem_4_1.mem - type: string 
INFO: [Synth 8-251] Loading memory from mem_4_1.mem [C:/Users/aadit/Documents/HardwareFirewall/VivadoLearning/TCAM_104/TCAM_104.srcs/sources_1/new/BRAM_Manager.sv:61]
INFO: [Synth 8-3876] $readmem data file 'mem_4_1.mem' is read successfully [C:/Users/aadit/Documents/HardwareFirewall/VivadoLearning/TCAM_104/TCAM_104.srcs/sources_1/new/BRAM_Manager.sv:62]
INFO: [Synth 8-6155] done synthesizing module 'BRAM_Manager__parameterized48' (0#1) [C:/Users/aadit/Documents/HardwareFirewall/VivadoLearning/TCAM_104/TCAM_104.srcs/sources_1/new/BRAM_Manager.sv:23]
INFO: [Synth 8-6157] synthesizing module 'BRAM_Manager__parameterized49' [C:/Users/aadit/Documents/HardwareFirewall/VivadoLearning/TCAM_104/TCAM_104.srcs/sources_1/new/BRAM_Manager.sv:23]
	Parameter DEPTH bound to: 32'sb00000000000000000000001000000000 
	Parameter WIDTH bound to: 32'sb00000000000000000000000001001000 
	Parameter MEM_FILE bound to: mem_4_2.mem - type: string 
INFO: [Synth 8-251] Loading memory from mem_4_2.mem [C:/Users/aadit/Documents/HardwareFirewall/VivadoLearning/TCAM_104/TCAM_104.srcs/sources_1/new/BRAM_Manager.sv:61]
INFO: [Synth 8-3876] $readmem data file 'mem_4_2.mem' is read successfully [C:/Users/aadit/Documents/HardwareFirewall/VivadoLearning/TCAM_104/TCAM_104.srcs/sources_1/new/BRAM_Manager.sv:62]
INFO: [Synth 8-6155] done synthesizing module 'BRAM_Manager__parameterized49' (0#1) [C:/Users/aadit/Documents/HardwareFirewall/VivadoLearning/TCAM_104/TCAM_104.srcs/sources_1/new/BRAM_Manager.sv:23]
INFO: [Synth 8-6157] synthesizing module 'BRAM_Manager__parameterized50' [C:/Users/aadit/Documents/HardwareFirewall/VivadoLearning/TCAM_104/TCAM_104.srcs/sources_1/new/BRAM_Manager.sv:23]
	Parameter DEPTH bound to: 32'sb00000000000000000000001000000000 
	Parameter WIDTH bound to: 32'sb00000000000000000000000001001000 
	Parameter MEM_FILE bound to: mem_4_3.mem - type: string 
INFO: [Synth 8-251] Loading memory from mem_4_3.mem [C:/Users/aadit/Documents/HardwareFirewall/VivadoLearning/TCAM_104/TCAM_104.srcs/sources_1/new/BRAM_Manager.sv:61]
INFO: [Synth 8-3876] $readmem data file 'mem_4_3.mem' is read successfully [C:/Users/aadit/Documents/HardwareFirewall/VivadoLearning/TCAM_104/TCAM_104.srcs/sources_1/new/BRAM_Manager.sv:62]
INFO: [Synth 8-6155] done synthesizing module 'BRAM_Manager__parameterized50' (0#1) [C:/Users/aadit/Documents/HardwareFirewall/VivadoLearning/TCAM_104/TCAM_104.srcs/sources_1/new/BRAM_Manager.sv:23]
INFO: [Synth 8-6157] synthesizing module 'BRAM_Manager__parameterized51' [C:/Users/aadit/Documents/HardwareFirewall/VivadoLearning/TCAM_104/TCAM_104.srcs/sources_1/new/BRAM_Manager.sv:23]
	Parameter DEPTH bound to: 32'sb00000000000000000000001000000000 
	Parameter WIDTH bound to: 32'sb00000000000000000000000001001000 
	Parameter MEM_FILE bound to: mem_4_4.mem - type: string 
INFO: [Synth 8-251] Loading memory from mem_4_4.mem [C:/Users/aadit/Documents/HardwareFirewall/VivadoLearning/TCAM_104/TCAM_104.srcs/sources_1/new/BRAM_Manager.sv:61]
INFO: [Synth 8-3876] $readmem data file 'mem_4_4.mem' is read successfully [C:/Users/aadit/Documents/HardwareFirewall/VivadoLearning/TCAM_104/TCAM_104.srcs/sources_1/new/BRAM_Manager.sv:62]
INFO: [Synth 8-6155] done synthesizing module 'BRAM_Manager__parameterized51' (0#1) [C:/Users/aadit/Documents/HardwareFirewall/VivadoLearning/TCAM_104/TCAM_104.srcs/sources_1/new/BRAM_Manager.sv:23]
INFO: [Synth 8-6157] synthesizing module 'BRAM_Manager__parameterized52' [C:/Users/aadit/Documents/HardwareFirewall/VivadoLearning/TCAM_104/TCAM_104.srcs/sources_1/new/BRAM_Manager.sv:23]
	Parameter DEPTH bound to: 32'sb00000000000000000000001000000000 
	Parameter WIDTH bound to: 32'sb00000000000000000000000001001000 
	Parameter MEM_FILE bound to: mem_4_5.mem - type: string 
INFO: [Synth 8-251] Loading memory from mem_4_5.mem [C:/Users/aadit/Documents/HardwareFirewall/VivadoLearning/TCAM_104/TCAM_104.srcs/sources_1/new/BRAM_Manager.sv:61]
INFO: [Synth 8-3876] $readmem data file 'mem_4_5.mem' is read successfully [C:/Users/aadit/Documents/HardwareFirewall/VivadoLearning/TCAM_104/TCAM_104.srcs/sources_1/new/BRAM_Manager.sv:62]
INFO: [Synth 8-6155] done synthesizing module 'BRAM_Manager__parameterized52' (0#1) [C:/Users/aadit/Documents/HardwareFirewall/VivadoLearning/TCAM_104/TCAM_104.srcs/sources_1/new/BRAM_Manager.sv:23]
INFO: [Synth 8-6157] synthesizing module 'BRAM_Manager__parameterized53' [C:/Users/aadit/Documents/HardwareFirewall/VivadoLearning/TCAM_104/TCAM_104.srcs/sources_1/new/BRAM_Manager.sv:23]
	Parameter DEPTH bound to: 32'sb00000000000000000000001000000000 
	Parameter WIDTH bound to: 32'sb00000000000000000000000001001000 
	Parameter MEM_FILE bound to: mem_4_6.mem - type: string 
INFO: [Synth 8-251] Loading memory from mem_4_6.mem [C:/Users/aadit/Documents/HardwareFirewall/VivadoLearning/TCAM_104/TCAM_104.srcs/sources_1/new/BRAM_Manager.sv:61]
INFO: [Synth 8-3876] $readmem data file 'mem_4_6.mem' is read successfully [C:/Users/aadit/Documents/HardwareFirewall/VivadoLearning/TCAM_104/TCAM_104.srcs/sources_1/new/BRAM_Manager.sv:62]
INFO: [Synth 8-6155] done synthesizing module 'BRAM_Manager__parameterized53' (0#1) [C:/Users/aadit/Documents/HardwareFirewall/VivadoLearning/TCAM_104/TCAM_104.srcs/sources_1/new/BRAM_Manager.sv:23]
INFO: [Synth 8-6157] synthesizing module 'BRAM_Manager__parameterized54' [C:/Users/aadit/Documents/HardwareFirewall/VivadoLearning/TCAM_104/TCAM_104.srcs/sources_1/new/BRAM_Manager.sv:23]
	Parameter DEPTH bound to: 32'sb00000000000000000000001000000000 
	Parameter WIDTH bound to: 32'sb00000000000000000000000001001000 
	Parameter MEM_FILE bound to: mem_4_7.mem - type: string 
INFO: [Synth 8-251] Loading memory from mem_4_7.mem [C:/Users/aadit/Documents/HardwareFirewall/VivadoLearning/TCAM_104/TCAM_104.srcs/sources_1/new/BRAM_Manager.sv:61]
INFO: [Synth 8-3876] $readmem data file 'mem_4_7.mem' is read successfully [C:/Users/aadit/Documents/HardwareFirewall/VivadoLearning/TCAM_104/TCAM_104.srcs/sources_1/new/BRAM_Manager.sv:62]
INFO: [Synth 8-6155] done synthesizing module 'BRAM_Manager__parameterized54' (0#1) [C:/Users/aadit/Documents/HardwareFirewall/VivadoLearning/TCAM_104/TCAM_104.srcs/sources_1/new/BRAM_Manager.sv:23]
INFO: [Synth 8-6157] synthesizing module 'BRAM_Manager__parameterized55' [C:/Users/aadit/Documents/HardwareFirewall/VivadoLearning/TCAM_104/TCAM_104.srcs/sources_1/new/BRAM_Manager.sv:23]
	Parameter DEPTH bound to: 32'sb00000000000000000000001000000000 
	Parameter WIDTH bound to: 32'sb00000000000000000000000001001000 
	Parameter MEM_FILE bound to: mem_4_8.mem - type: string 
INFO: [Synth 8-251] Loading memory from mem_4_8.mem [C:/Users/aadit/Documents/HardwareFirewall/VivadoLearning/TCAM_104/TCAM_104.srcs/sources_1/new/BRAM_Manager.sv:61]
INFO: [Synth 8-3876] $readmem data file 'mem_4_8.mem' is read successfully [C:/Users/aadit/Documents/HardwareFirewall/VivadoLearning/TCAM_104/TCAM_104.srcs/sources_1/new/BRAM_Manager.sv:62]
INFO: [Synth 8-6155] done synthesizing module 'BRAM_Manager__parameterized55' (0#1) [C:/Users/aadit/Documents/HardwareFirewall/VivadoLearning/TCAM_104/TCAM_104.srcs/sources_1/new/BRAM_Manager.sv:23]
INFO: [Synth 8-6157] synthesizing module 'BRAM_Manager__parameterized56' [C:/Users/aadit/Documents/HardwareFirewall/VivadoLearning/TCAM_104/TCAM_104.srcs/sources_1/new/BRAM_Manager.sv:23]
	Parameter DEPTH bound to: 32'sb00000000000000000000001000000000 
	Parameter WIDTH bound to: 32'sb00000000000000000000000001001000 
	Parameter MEM_FILE bound to: mem_4_9.mem - type: string 
INFO: [Synth 8-251] Loading memory from mem_4_9.mem [C:/Users/aadit/Documents/HardwareFirewall/VivadoLearning/TCAM_104/TCAM_104.srcs/sources_1/new/BRAM_Manager.sv:61]
INFO: [Synth 8-3876] $readmem data file 'mem_4_9.mem' is read successfully [C:/Users/aadit/Documents/HardwareFirewall/VivadoLearning/TCAM_104/TCAM_104.srcs/sources_1/new/BRAM_Manager.sv:62]
INFO: [Synth 8-6155] done synthesizing module 'BRAM_Manager__parameterized56' (0#1) [C:/Users/aadit/Documents/HardwareFirewall/VivadoLearning/TCAM_104/TCAM_104.srcs/sources_1/new/BRAM_Manager.sv:23]
INFO: [Synth 8-6157] synthesizing module 'BRAM_Manager__parameterized57' [C:/Users/aadit/Documents/HardwareFirewall/VivadoLearning/TCAM_104/TCAM_104.srcs/sources_1/new/BRAM_Manager.sv:23]
	Parameter DEPTH bound to: 32'sb00000000000000000000001000000000 
	Parameter WIDTH bound to: 32'sb00000000000000000000000001001000 
	Parameter MEM_FILE bound to: mem_4_10.mem - type: string 
INFO: [Synth 8-251] Loading memory from mem_4_10.mem [C:/Users/aadit/Documents/HardwareFirewall/VivadoLearning/TCAM_104/TCAM_104.srcs/sources_1/new/BRAM_Manager.sv:61]
INFO: [Synth 8-3876] $readmem data file 'mem_4_10.mem' is read successfully [C:/Users/aadit/Documents/HardwareFirewall/VivadoLearning/TCAM_104/TCAM_104.srcs/sources_1/new/BRAM_Manager.sv:62]
INFO: [Synth 8-6155] done synthesizing module 'BRAM_Manager__parameterized57' (0#1) [C:/Users/aadit/Documents/HardwareFirewall/VivadoLearning/TCAM_104/TCAM_104.srcs/sources_1/new/BRAM_Manager.sv:23]
INFO: [Synth 8-6157] synthesizing module 'BRAM_Manager__parameterized58' [C:/Users/aadit/Documents/HardwareFirewall/VivadoLearning/TCAM_104/TCAM_104.srcs/sources_1/new/BRAM_Manager.sv:23]
	Parameter DEPTH bound to: 32'sb00000000000000000000001000000000 
	Parameter WIDTH bound to: 32'sb00000000000000000000000001001000 
	Parameter MEM_FILE bound to: mem_4_11.mem - type: string 
INFO: [Synth 8-251] Loading memory from mem_4_11.mem [C:/Users/aadit/Documents/HardwareFirewall/VivadoLearning/TCAM_104/TCAM_104.srcs/sources_1/new/BRAM_Manager.sv:61]
INFO: [Synth 8-3876] $readmem data file 'mem_4_11.mem' is read successfully [C:/Users/aadit/Documents/HardwareFirewall/VivadoLearning/TCAM_104/TCAM_104.srcs/sources_1/new/BRAM_Manager.sv:62]
INFO: [Synth 8-6155] done synthesizing module 'BRAM_Manager__parameterized58' (0#1) [C:/Users/aadit/Documents/HardwareFirewall/VivadoLearning/TCAM_104/TCAM_104.srcs/sources_1/new/BRAM_Manager.sv:23]
INFO: [Synth 8-6157] synthesizing module 'Word_Parser' [C:/Users/aadit/Documents/HardwareFirewall/VivadoLearning/TCAM_104/TCAM_104.srcs/sources_1/new/Word_Parser.sv:24]
	Parameter INPUTWORD bound to: 32'sb00000000000000000000000001101000 
	Parameter SPLIT bound to: 32'sb00000000000000000000000000001001 
INFO: [Synth 8-6155] done synthesizing module 'Word_Parser' (0#1) [C:/Users/aadit/Documents/HardwareFirewall/VivadoLearning/TCAM_104/TCAM_104.srcs/sources_1/new/Word_Parser.sv:24]
INFO: [Synth 8-6157] synthesizing module 'Priority_Encoder' [C:/Users/aadit/Documents/HardwareFirewall/VivadoLearning/TCAM_104/TCAM_104.srcs/sources_1/new/Priority_Encoder.sv:24]
	Parameter N bound to: 32'sb00000000000000000000000101101000 
INFO: [Synth 8-6155] done synthesizing module 'Priority_Encoder' (0#1) [C:/Users/aadit/Documents/HardwareFirewall/VivadoLearning/TCAM_104/TCAM_104.srcs/sources_1/new/Priority_Encoder.sv:24]
INFO: [Synth 8-6155] done synthesizing module 'TCAM' (0#1) [C:/Users/aadit/Documents/HardwareFirewall/VivadoLearning/TCAM_104/TCAM_104.srcs/sources_1/new/TCAM.sv:24]
WARNING: [Synth 8-6026] Ignoring keep related attribute (keep/mark_debug/dont_touch) applied on memory [C:/Users/aadit/Documents/HardwareFirewall/VivadoLearning/TCAM_104/TCAM_104.srcs/sources_1/new/BRAM_Manager.sv:54]
WARNING: [Synth 8-6026] Ignoring keep related attribute (keep/mark_debug/dont_touch) applied on memory [C:/Users/aadit/Documents/HardwareFirewall/VivadoLearning/TCAM_104/TCAM_104.srcs/sources_1/new/BRAM_Manager.sv:54]
WARNING: [Synth 8-6026] Ignoring keep related attribute (keep/mark_debug/dont_touch) applied on memory [C:/Users/aadit/Documents/HardwareFirewall/VivadoLearning/TCAM_104/TCAM_104.srcs/sources_1/new/BRAM_Manager.sv:54]
WARNING: [Synth 8-6026] Ignoring keep related attribute (keep/mark_debug/dont_touch) applied on memory [C:/Users/aadit/Documents/HardwareFirewall/VivadoLearning/TCAM_104/TCAM_104.srcs/sources_1/new/BRAM_Manager.sv:54]
WARNING: [Synth 8-6026] Ignoring keep related attribute (keep/mark_debug/dont_touch) applied on memory [C:/Users/aadit/Documents/HardwareFirewall/VivadoLearning/TCAM_104/TCAM_104.srcs/sources_1/new/BRAM_Manager.sv:54]
WARNING: [Synth 8-6026] Ignoring keep related attribute (keep/mark_debug/dont_touch) applied on memory [C:/Users/aadit/Documents/HardwareFirewall/VivadoLearning/TCAM_104/TCAM_104.srcs/sources_1/new/BRAM_Manager.sv:54]
WARNING: [Synth 8-6026] Ignoring keep related attribute (keep/mark_debug/dont_touch) applied on memory [C:/Users/aadit/Documents/HardwareFirewall/VivadoLearning/TCAM_104/TCAM_104.srcs/sources_1/new/BRAM_Manager.sv:54]
WARNING: [Synth 8-6026] Ignoring keep related attribute (keep/mark_debug/dont_touch) applied on memory [C:/Users/aadit/Documents/HardwareFirewall/VivadoLearning/TCAM_104/TCAM_104.srcs/sources_1/new/BRAM_Manager.sv:54]
WARNING: [Synth 8-6026] Ignoring keep related attribute (keep/mark_debug/dont_touch) applied on memory [C:/Users/aadit/Documents/HardwareFirewall/VivadoLearning/TCAM_104/TCAM_104.srcs/sources_1/new/BRAM_Manager.sv:54]
WARNING: [Synth 8-6026] Ignoring keep related attribute (keep/mark_debug/dont_touch) applied on memory [C:/Users/aadit/Documents/HardwareFirewall/VivadoLearning/TCAM_104/TCAM_104.srcs/sources_1/new/BRAM_Manager.sv:54]
WARNING: [Synth 8-6026] Ignoring keep related attribute (keep/mark_debug/dont_touch) applied on memory [C:/Users/aadit/Documents/HardwareFirewall/VivadoLearning/TCAM_104/TCAM_104.srcs/sources_1/new/BRAM_Manager.sv:54]
WARNING: [Synth 8-6026] Ignoring keep related attribute (keep/mark_debug/dont_touch) applied on memory [C:/Users/aadit/Documents/HardwareFirewall/VivadoLearning/TCAM_104/TCAM_104.srcs/sources_1/new/BRAM_Manager.sv:54]
WARNING: [Synth 8-6026] Ignoring keep related attribute (keep/mark_debug/dont_touch) applied on memory [C:/Users/aadit/Documents/HardwareFirewall/VivadoLearning/TCAM_104/TCAM_104.srcs/sources_1/new/BRAM_Manager.sv:54]
WARNING: [Synth 8-6026] Ignoring keep related attribute (keep/mark_debug/dont_touch) applied on memory [C:/Users/aadit/Documents/HardwareFirewall/VivadoLearning/TCAM_104/TCAM_104.srcs/sources_1/new/BRAM_Manager.sv:54]
WARNING: [Synth 8-6026] Ignoring keep related attribute (keep/mark_debug/dont_touch) applied on memory [C:/Users/aadit/Documents/HardwareFirewall/VivadoLearning/TCAM_104/TCAM_104.srcs/sources_1/new/BRAM_Manager.sv:54]
WARNING: [Synth 8-6026] Ignoring keep related attribute (keep/mark_debug/dont_touch) applied on memory [C:/Users/aadit/Documents/HardwareFirewall/VivadoLearning/TCAM_104/TCAM_104.srcs/sources_1/new/BRAM_Manager.sv:54]
WARNING: [Synth 8-6026] Ignoring keep related attribute (keep/mark_debug/dont_touch) applied on memory [C:/Users/aadit/Documents/HardwareFirewall/VivadoLearning/TCAM_104/TCAM_104.srcs/sources_1/new/BRAM_Manager.sv:54]
WARNING: [Synth 8-6026] Ignoring keep related attribute (keep/mark_debug/dont_touch) applied on memory [C:/Users/aadit/Documents/HardwareFirewall/VivadoLearning/TCAM_104/TCAM_104.srcs/sources_1/new/BRAM_Manager.sv:54]
WARNING: [Synth 8-6026] Ignoring keep related attribute (keep/mark_debug/dont_touch) applied on memory [C:/Users/aadit/Documents/HardwareFirewall/VivadoLearning/TCAM_104/TCAM_104.srcs/sources_1/new/BRAM_Manager.sv:54]
WARNING: [Synth 8-6026] Ignoring keep related attribute (keep/mark_debug/dont_touch) applied on memory [C:/Users/aadit/Documents/HardwareFirewall/VivadoLearning/TCAM_104/TCAM_104.srcs/sources_1/new/BRAM_Manager.sv:54]
WARNING: [Synth 8-6026] Ignoring keep related attribute (keep/mark_debug/dont_touch) applied on memory [C:/Users/aadit/Documents/HardwareFirewall/VivadoLearning/TCAM_104/TCAM_104.srcs/sources_1/new/BRAM_Manager.sv:54]
WARNING: [Synth 8-6026] Ignoring keep related attribute (keep/mark_debug/dont_touch) applied on memory [C:/Users/aadit/Documents/HardwareFirewall/VivadoLearning/TCAM_104/TCAM_104.srcs/sources_1/new/BRAM_Manager.sv:54]
WARNING: [Synth 8-6026] Ignoring keep related attribute (keep/mark_debug/dont_touch) applied on memory [C:/Users/aadit/Documents/HardwareFirewall/VivadoLearning/TCAM_104/TCAM_104.srcs/sources_1/new/BRAM_Manager.sv:54]
WARNING: [Synth 8-6026] Ignoring keep related attribute (keep/mark_debug/dont_touch) applied on memory [C:/Users/aadit/Documents/HardwareFirewall/VivadoLearning/TCAM_104/TCAM_104.srcs/sources_1/new/BRAM_Manager.sv:54]
WARNING: [Synth 8-6026] Ignoring keep related attribute (keep/mark_debug/dont_touch) applied on memory [C:/Users/aadit/Documents/HardwareFirewall/VivadoLearning/TCAM_104/TCAM_104.srcs/sources_1/new/BRAM_Manager.sv:54]
WARNING: [Synth 8-6026] Ignoring keep related attribute (keep/mark_debug/dont_touch) applied on memory [C:/Users/aadit/Documents/HardwareFirewall/VivadoLearning/TCAM_104/TCAM_104.srcs/sources_1/new/BRAM_Manager.sv:54]
WARNING: [Synth 8-6026] Ignoring keep related attribute (keep/mark_debug/dont_touch) applied on memory [C:/Users/aadit/Documents/HardwareFirewall/VivadoLearning/TCAM_104/TCAM_104.srcs/sources_1/new/BRAM_Manager.sv:54]
WARNING: [Synth 8-6026] Ignoring keep related attribute (keep/mark_debug/dont_touch) applied on memory [C:/Users/aadit/Documents/HardwareFirewall/VivadoLearning/TCAM_104/TCAM_104.srcs/sources_1/new/BRAM_Manager.sv:54]
WARNING: [Synth 8-6026] Ignoring keep related attribute (keep/mark_debug/dont_touch) applied on memory [C:/Users/aadit/Documents/HardwareFirewall/VivadoLearning/TCAM_104/TCAM_104.srcs/sources_1/new/BRAM_Manager.sv:54]
WARNING: [Synth 8-6026] Ignoring keep related attribute (keep/mark_debug/dont_touch) applied on memory [C:/Users/aadit/Documents/HardwareFirewall/VivadoLearning/TCAM_104/TCAM_104.srcs/sources_1/new/BRAM_Manager.sv:54]
WARNING: [Synth 8-6026] Ignoring keep related attribute (keep/mark_debug/dont_touch) applied on memory [C:/Users/aadit/Documents/HardwareFirewall/VivadoLearning/TCAM_104/TCAM_104.srcs/sources_1/new/BRAM_Manager.sv:54]
WARNING: [Synth 8-6026] Ignoring keep related attribute (keep/mark_debug/dont_touch) applied on memory [C:/Users/aadit/Documents/HardwareFirewall/VivadoLearning/TCAM_104/TCAM_104.srcs/sources_1/new/BRAM_Manager.sv:54]
WARNING: [Synth 8-6026] Ignoring keep related attribute (keep/mark_debug/dont_touch) applied on memory [C:/Users/aadit/Documents/HardwareFirewall/VivadoLearning/TCAM_104/TCAM_104.srcs/sources_1/new/BRAM_Manager.sv:54]
WARNING: [Synth 8-6026] Ignoring keep related attribute (keep/mark_debug/dont_touch) applied on memory [C:/Users/aadit/Documents/HardwareFirewall/VivadoLearning/TCAM_104/TCAM_104.srcs/sources_1/new/BRAM_Manager.sv:54]
WARNING: [Synth 8-6026] Ignoring keep related attribute (keep/mark_debug/dont_touch) applied on memory [C:/Users/aadit/Documents/HardwareFirewall/VivadoLearning/TCAM_104/TCAM_104.srcs/sources_1/new/BRAM_Manager.sv:54]
WARNING: [Synth 8-6026] Ignoring keep related attribute (keep/mark_debug/dont_touch) applied on memory [C:/Users/aadit/Documents/HardwareFirewall/VivadoLearning/TCAM_104/TCAM_104.srcs/sources_1/new/BRAM_Manager.sv:54]
WARNING: [Synth 8-6026] Ignoring keep related attribute (keep/mark_debug/dont_touch) applied on memory [C:/Users/aadit/Documents/HardwareFirewall/VivadoLearning/TCAM_104/TCAM_104.srcs/sources_1/new/BRAM_Manager.sv:54]
WARNING: [Synth 8-6026] Ignoring keep related attribute (keep/mark_debug/dont_touch) applied on memory [C:/Users/aadit/Documents/HardwareFirewall/VivadoLearning/TCAM_104/TCAM_104.srcs/sources_1/new/BRAM_Manager.sv:54]
WARNING: [Synth 8-6026] Ignoring keep related attribute (keep/mark_debug/dont_touch) applied on memory [C:/Users/aadit/Documents/HardwareFirewall/VivadoLearning/TCAM_104/TCAM_104.srcs/sources_1/new/BRAM_Manager.sv:54]
WARNING: [Synth 8-6026] Ignoring keep related attribute (keep/mark_debug/dont_touch) applied on memory [C:/Users/aadit/Documents/HardwareFirewall/VivadoLearning/TCAM_104/TCAM_104.srcs/sources_1/new/BRAM_Manager.sv:54]
WARNING: [Synth 8-6026] Ignoring keep related attribute (keep/mark_debug/dont_touch) applied on memory [C:/Users/aadit/Documents/HardwareFirewall/VivadoLearning/TCAM_104/TCAM_104.srcs/sources_1/new/BRAM_Manager.sv:54]
WARNING: [Synth 8-6026] Ignoring keep related attribute (keep/mark_debug/dont_touch) applied on memory [C:/Users/aadit/Documents/HardwareFirewall/VivadoLearning/TCAM_104/TCAM_104.srcs/sources_1/new/BRAM_Manager.sv:54]
WARNING: [Synth 8-6026] Ignoring keep related attribute (keep/mark_debug/dont_touch) applied on memory [C:/Users/aadit/Documents/HardwareFirewall/VivadoLearning/TCAM_104/TCAM_104.srcs/sources_1/new/BRAM_Manager.sv:54]
WARNING: [Synth 8-6026] Ignoring keep related attribute (keep/mark_debug/dont_touch) applied on memory [C:/Users/aadit/Documents/HardwareFirewall/VivadoLearning/TCAM_104/TCAM_104.srcs/sources_1/new/BRAM_Manager.sv:54]
WARNING: [Synth 8-6026] Ignoring keep related attribute (keep/mark_debug/dont_touch) applied on memory [C:/Users/aadit/Documents/HardwareFirewall/VivadoLearning/TCAM_104/TCAM_104.srcs/sources_1/new/BRAM_Manager.sv:54]
WARNING: [Synth 8-6026] Ignoring keep related attribute (keep/mark_debug/dont_touch) applied on memory [C:/Users/aadit/Documents/HardwareFirewall/VivadoLearning/TCAM_104/TCAM_104.srcs/sources_1/new/BRAM_Manager.sv:54]
WARNING: [Synth 8-6026] Ignoring keep related attribute (keep/mark_debug/dont_touch) applied on memory [C:/Users/aadit/Documents/HardwareFirewall/VivadoLearning/TCAM_104/TCAM_104.srcs/sources_1/new/BRAM_Manager.sv:54]
WARNING: [Synth 8-6026] Ignoring keep related attribute (keep/mark_debug/dont_touch) applied on memory [C:/Users/aadit/Documents/HardwareFirewall/VivadoLearning/TCAM_104/TCAM_104.srcs/sources_1/new/BRAM_Manager.sv:54]
WARNING: [Synth 8-6026] Ignoring keep related attribute (keep/mark_debug/dont_touch) applied on memory [C:/Users/aadit/Documents/HardwareFirewall/VivadoLearning/TCAM_104/TCAM_104.srcs/sources_1/new/BRAM_Manager.sv:54]
WARNING: [Synth 8-6026] Ignoring keep related attribute (keep/mark_debug/dont_touch) applied on memory [C:/Users/aadit/Documents/HardwareFirewall/VivadoLearning/TCAM_104/TCAM_104.srcs/sources_1/new/BRAM_Manager.sv:54]
WARNING: [Synth 8-6026] Ignoring keep related attribute (keep/mark_debug/dont_touch) applied on memory [C:/Users/aadit/Documents/HardwareFirewall/VivadoLearning/TCAM_104/TCAM_104.srcs/sources_1/new/BRAM_Manager.sv:54]
WARNING: [Synth 8-6026] Ignoring keep related attribute (keep/mark_debug/dont_touch) applied on memory [C:/Users/aadit/Documents/HardwareFirewall/VivadoLearning/TCAM_104/TCAM_104.srcs/sources_1/new/BRAM_Manager.sv:54]
WARNING: [Synth 8-6026] Ignoring keep related attribute (keep/mark_debug/dont_touch) applied on memory [C:/Users/aadit/Documents/HardwareFirewall/VivadoLearning/TCAM_104/TCAM_104.srcs/sources_1/new/BRAM_Manager.sv:54]
WARNING: [Synth 8-6026] Ignoring keep related attribute (keep/mark_debug/dont_touch) applied on memory [C:/Users/aadit/Documents/HardwareFirewall/VivadoLearning/TCAM_104/TCAM_104.srcs/sources_1/new/BRAM_Manager.sv:54]
WARNING: [Synth 8-6026] Ignoring keep related attribute (keep/mark_debug/dont_touch) applied on memory [C:/Users/aadit/Documents/HardwareFirewall/VivadoLearning/TCAM_104/TCAM_104.srcs/sources_1/new/BRAM_Manager.sv:54]
WARNING: [Synth 8-6026] Ignoring keep related attribute (keep/mark_debug/dont_touch) applied on memory [C:/Users/aadit/Documents/HardwareFirewall/VivadoLearning/TCAM_104/TCAM_104.srcs/sources_1/new/BRAM_Manager.sv:54]
WARNING: [Synth 8-6026] Ignoring keep related attribute (keep/mark_debug/dont_touch) applied on memory [C:/Users/aadit/Documents/HardwareFirewall/VivadoLearning/TCAM_104/TCAM_104.srcs/sources_1/new/BRAM_Manager.sv:54]
WARNING: [Synth 8-6026] Ignoring keep related attribute (keep/mark_debug/dont_touch) applied on memory [C:/Users/aadit/Documents/HardwareFirewall/VivadoLearning/TCAM_104/TCAM_104.srcs/sources_1/new/BRAM_Manager.sv:54]
WARNING: [Synth 8-6026] Ignoring keep related attribute (keep/mark_debug/dont_touch) applied on memory [C:/Users/aadit/Documents/HardwareFirewall/VivadoLearning/TCAM_104/TCAM_104.srcs/sources_1/new/BRAM_Manager.sv:54]
WARNING: [Synth 8-6026] Ignoring keep related attribute (keep/mark_debug/dont_touch) applied on memory [C:/Users/aadit/Documents/HardwareFirewall/VivadoLearning/TCAM_104/TCAM_104.srcs/sources_1/new/BRAM_Manager.sv:54]
---------------------------------------------------------------------------------
Finished RTL Elaboration : Time (s): cpu = 00:00:11 ; elapsed = 00:00:13 . Memory (MB): peak = 1669.992 ; gain = 810.535
---------------------------------------------------------------------------------
---------------------------------------------------------------------------------
Start Handling Custom Attributes
---------------------------------------------------------------------------------
---------------------------------------------------------------------------------
Finished Handling Custom Attributes : Time (s): cpu = 00:00:11 ; elapsed = 00:00:14 . Memory (MB): peak = 1669.992 ; gain = 810.535
---------------------------------------------------------------------------------
---------------------------------------------------------------------------------
Finished RTL Optimization Phase 1 : Time (s): cpu = 00:00:11 ; elapsed = 00:00:14 . Memory (MB): peak = 1669.992 ; gain = 810.535
---------------------------------------------------------------------------------
Netlist sorting complete. Time (s): cpu = 00:00:00 ; elapsed = 00:00:00.193 . Memory (MB): peak = 1669.992 ; gain = 0.000
INFO: [Project 1-570] Preparing netlist for logic optimization

Processing XDC Constraints
Initializing timing engine
Parsing XDC File [C:/Users/aadit/Documents/HardwareFirewall/VivadoLearning/TCAM_104/TCAM_104.srcs/constrs_1/new/constraints.xdc]
Finished Parsing XDC File [C:/Users/aadit/Documents/HardwareFirewall/VivadoLearning/TCAM_104/TCAM_104.srcs/constrs_1/new/constraints.xdc]
Completed Processing XDC Constraints

Netlist sorting complete. Time (s): cpu = 00:00:00 ; elapsed = 00:00:00.003 . Memory (MB): peak = 1669.992 ; gain = 0.000
INFO: [Project 1-111] Unisim Transformation Summary:
No Unisim elements were transformed.

Constraint Validation Runtime : Time (s): cpu = 00:00:00 ; elapsed = 00:00:00.155 . Memory (MB): peak = 1669.992 ; gain = 0.000
INFO: [Designutils 20-5440] No compile time benefit to using incremental synthesis; A full resynthesis will be run
INFO: [Designutils 20-4379] Flow is switching to default flow due to incremental criteria not met. If you would like to alter this behaviour and have the flow terminate instead, please set the following parameter config_implementation {autoIncr.Synth.RejectBehavior Terminate}
---------------------------------------------------------------------------------
Finished Constraint Validation : Time (s): cpu = 00:00:24 ; elapsed = 00:00:26 . Memory (MB): peak = 1669.992 ; gain = 810.535
---------------------------------------------------------------------------------
---------------------------------------------------------------------------------
Start Loading Part and Timing Information
---------------------------------------------------------------------------------
Loading part: xc7k160tffg676-2
---------------------------------------------------------------------------------
Finished Loading Part and Timing Information : Time (s): cpu = 00:00:24 ; elapsed = 00:00:26 . Memory (MB): peak = 1669.992 ; gain = 810.535
---------------------------------------------------------------------------------
---------------------------------------------------------------------------------
Start Applying 'set_property' XDC Constraints
---------------------------------------------------------------------------------
---------------------------------------------------------------------------------
Finished applying 'set_property' XDC Constraints : Time (s): cpu = 00:00:24 ; elapsed = 00:00:26 . Memory (MB): peak = 1669.992 ; gain = 810.535
---------------------------------------------------------------------------------
---------------------------------------------------------------------------------
Finished RTL Optimization Phase 2 : Time (s): cpu = 00:00:36 ; elapsed = 00:00:40 . Memory (MB): peak = 1669.992 ; gain = 810.535
---------------------------------------------------------------------------------
---------------------------------------------------------------------------------
Start RTL Component Statistics 
---------------------------------------------------------------------------------
Detailed RTL Component Info : 
+---Registers : 
	               72 Bit    Registers := 60    
	                1 Bit    Registers := 180   
+---RAMs : 
	              36K Bit	(512 X 72 bit)          RAMs := 60    
---------------------------------------------------------------------------------
Finished RTL Component Statistics 
---------------------------------------------------------------------------------
---------------------------------------------------------------------------------
Start Part Resource Summary
---------------------------------------------------------------------------------
Part Resources:
DSPs: 600 (col length:100)
BRAMs: 650 (col length: RAMB18 100 RAMB36 50)
---------------------------------------------------------------------------------
Finished Part Resource Summary
---------------------------------------------------------------------------------
---------------------------------------------------------------------------------
Start Cross Boundary and Area Optimization
---------------------------------------------------------------------------------
WARNING: [Synth 8-6026] Ignoring keep related attribute (keep/mark_debug/dont_touch) applied on memory
WARNING: [Synth 8-6026] Ignoring keep related attribute (keep/mark_debug/dont_touch) applied on memory
WARNING: [Synth 8-6026] Ignoring keep related attribute (keep/mark_debug/dont_touch) applied on memory
WARNING: [Synth 8-6026] Ignoring keep related attribute (keep/mark_debug/dont_touch) applied on memory
WARNING: [Synth 8-6026] Ignoring keep related attribute (keep/mark_debug/dont_touch) applied on memory
WARNING: [Synth 8-6026] Ignoring keep related attribute (keep/mark_debug/dont_touch) applied on memory
WARNING: [Synth 8-6026] Ignoring keep related attribute (keep/mark_debug/dont_touch) applied on memory
WARNING: [Synth 8-6026] Ignoring keep related attribute (keep/mark_debug/dont_touch) applied on memory
WARNING: [Synth 8-6026] Ignoring keep related attribute (keep/mark_debug/dont_touch) applied on memory
WARNING: [Synth 8-6026] Ignoring keep related attribute (keep/mark_debug/dont_touch) applied on memory
WARNING: [Synth 8-6026] Ignoring keep related attribute (keep/mark_debug/dont_touch) applied on memory
WARNING: [Synth 8-6026] Ignoring keep related attribute (keep/mark_debug/dont_touch) applied on memory
WARNING: [Synth 8-6026] Ignoring keep related attribute (keep/mark_debug/dont_touch) applied on memory
WARNING: [Synth 8-6026] Ignoring keep related attribute (keep/mark_debug/dont_touch) applied on memory
WARNING: [Synth 8-6026] Ignoring keep related attribute (keep/mark_debug/dont_touch) applied on memory
WARNING: [Synth 8-6026] Ignoring keep related attribute (keep/mark_debug/dont_touch) applied on memory
WARNING: [Synth 8-6026] Ignoring keep related attribute (keep/mark_debug/dont_touch) applied on memory
WARNING: [Synth 8-6026] Ignoring keep related attribute (keep/mark_debug/dont_touch) applied on memory
WARNING: [Synth 8-6026] Ignoring keep related attribute (keep/mark_debug/dont_touch) applied on memory
WARNING: [Synth 8-6026] Ignoring keep related attribute (keep/mark_debug/dont_touch) applied on memory
WARNING: [Synth 8-6026] Ignoring keep related attribute (keep/mark_debug/dont_touch) applied on memory
WARNING: [Synth 8-6026] Ignoring keep related attribute (keep/mark_debug/dont_touch) applied on memory
WARNING: [Synth 8-6026] Ignoring keep related attribute (keep/mark_debug/dont_touch) applied on memory
WARNING: [Synth 8-6026] Ignoring keep related attribute (keep/mark_debug/dont_touch) applied on memory
WARNING: [Synth 8-6026] Ignoring keep related attribute (keep/mark_debug/dont_touch) applied on memory
WARNING: [Synth 8-6026] Ignoring keep related attribute (keep/mark_debug/dont_touch) applied on memory
WARNING: [Synth 8-6026] Ignoring keep related attribute (keep/mark_debug/dont_touch) applied on memory
WARNING: [Synth 8-6026] Ignoring keep related attribute (keep/mark_debug/dont_touch) applied on memory
WARNING: [Synth 8-6026] Ignoring keep related attribute (keep/mark_debug/dont_touch) applied on memory
WARNING: [Synth 8-6026] Ignoring keep related attribute (keep/mark_debug/dont_touch) applied on memory
WARNING: [Synth 8-6026] Ignoring keep related attribute (keep/mark_debug/dont_touch) applied on memory
WARNING: [Synth 8-6026] Ignoring keep related attribute (keep/mark_debug/dont_touch) applied on memory
WARNING: [Synth 8-6026] Ignoring keep related attribute (keep/mark_debug/dont_touch) applied on memory
WARNING: [Synth 8-6026] Ignoring keep related attribute (keep/mark_debug/dont_touch) applied on memory
WARNING: [Synth 8-6026] Ignoring keep related attribute (keep/mark_debug/dont_touch) applied on memory
WARNING: [Synth 8-6026] Ignoring keep related attribute (keep/mark_debug/dont_touch) applied on memory
WARNING: [Synth 8-6026] Ignoring keep related attribute (keep/mark_debug/dont_touch) applied on memory
WARNING: [Synth 8-6026] Ignoring keep related attribute (keep/mark_debug/dont_touch) applied on memory
WARNING: [Synth 8-6026] Ignoring keep related attribute (keep/mark_debug/dont_touch) applied on memory
WARNING: [Synth 8-6026] Ignoring keep related attribute (keep/mark_debug/dont_touch) applied on memory
INFO: [Common 17-14] Message 'Synth 8-6026' appears 100 times and further instances of the messages will be disabled. Use the Tcl command set_msg_config to change the current settings.
---------------------------------------------------------------------------------
Finished Cross Boundary and Area Optimization : Time (s): cpu = 00:00:59 ; elapsed = 00:01:04 . Memory (MB): peak = 1726.688 ; gain = 867.230
---------------------------------------------------------------------------------
---------------------------------------------------------------------------------
Start ROM, RAM, DSP, Shift Register and Retiming Reporting
---------------------------------------------------------------------------------

Block RAM: Preliminary Mapping Report (see note below)
+------------------------------------------+------------+------------------------+---+---+------------------------+---+---+------------------+--------+--------+
|Module Name                               | RTL Object | PORT A (Depth x Width) | W | R | PORT B (Depth x Width) | W | R | Ports driving FF | RAMB18 | RAMB36 | 
+------------------------------------------+------------+------------------------+---+---+------------------------+---+---+------------------+--------+--------+
|\GEN_RANK[0].GEN_BANK[0].u_bram_manager   | bram_reg   | 512 x 72(READ_FIRST)   | W |   | 512 x 72(WRITE_FIRST)  |   | R | Port A and B     | 0      | 1      | 
|\GEN_RANK[0].GEN_BANK[1].u_bram_manager   | bram_reg   | 512 x 72(READ_FIRST)   | W |   | 512 x 72(WRITE_FIRST)  |   | R | Port A and B     | 0      | 1      | 
|\GEN_RANK[0].GEN_BANK[2].u_bram_manager   | bram_reg   | 512 x 72(READ_FIRST)   | W |   | 512 x 72(WRITE_FIRST)  |   | R | Port A and B     | 0      | 1      | 
|\GEN_RANK[0].GEN_BANK[3].u_bram_manager   | bram_reg   | 512 x 72(READ_FIRST)   | W |   | 512 x 72(WRITE_FIRST)  |   | R | Port A and B     | 0      | 1      | 
|\GEN_RANK[0].GEN_BANK[4].u_bram_manager   | bram_reg   | 512 x 72(READ_FIRST)   | W |   | 512 x 72(WRITE_FIRST)  |   | R | Port A and B     | 0      | 1      | 
|\GEN_RANK[0].GEN_BANK[5].u_bram_manager   | bram_reg   | 512 x 72(READ_FIRST)   | W |   | 512 x 72(WRITE_FIRST)  |   | R | Port A and B     | 0      | 1      | 
|\GEN_RANK[0].GEN_BANK[6].u_bram_manager   | bram_reg   | 512 x 72(READ_FIRST)   | W |   | 512 x 72(WRITE_FIRST)  |   | R | Port A and B     | 0      | 1      | 
|\GEN_RANK[0].GEN_BANK[7].u_bram_manager   | bram_reg   | 512 x 72(READ_FIRST)   | W |   | 512 x 72(WRITE_FIRST)  |   | R | Port A and B     | 0      | 1      | 
|\GEN_RANK[0].GEN_BANK[8].u_bram_manager   | bram_reg   | 512 x 72(READ_FIRST)   | W |   | 512 x 72(WRITE_FIRST)  |   | R | Port A and B     | 0      | 1      | 
|\GEN_RANK[0].GEN_BANK[9].u_bram_manager   | bram_reg   | 512 x 72(READ_FIRST)   | W |   | 512 x 72(WRITE_FIRST)  |   | R | Port A and B     | 0      | 1      | 
|\GEN_RANK[0].GEN_BANK[10].u_bram_manager  | bram_reg   | 512 x 72(READ_FIRST)   | W |   | 512 x 72(WRITE_FIRST)  |   | R | Port A and B     | 0      | 1      | 
|\GEN_RANK[0].GEN_BANK[11].u_bram_manager  | bram_reg   | 512 x 72(READ_FIRST)   | W |   | 512 x 72(WRITE_FIRST)  |   | R | Port A and B     | 0      | 1      | 
|\GEN_RANK[1].GEN_BANK[0].u_bram_manager   | bram_reg   | 512 x 72(READ_FIRST)   | W |   | 512 x 72(WRITE_FIRST)  |   | R | Port A and B     | 0      | 1      | 
|\GEN_RANK[1].GEN_BANK[1].u_bram_manager   | bram_reg   | 512 x 72(READ_FIRST)   | W |   | 512 x 72(WRITE_FIRST)  |   | R | Port A and B     | 0      | 1      | 
|\GEN_RANK[1].GEN_BANK[2].u_bram_manager   | bram_reg   | 512 x 72(READ_FIRST)   | W |   | 512 x 72(WRITE_FIRST)  |   | R | Port A and B     | 0      | 1      | 
|\GEN_RANK[1].GEN_BANK[3].u_bram_manager   | bram_reg   | 512 x 72(READ_FIRST)   | W |   | 512 x 72(WRITE_FIRST)  |   | R | Port A and B     | 0      | 1      | 
|\GEN_RANK[1].GEN_BANK[4].u_bram_manager   | bram_reg   | 512 x 72(READ_FIRST)   | W |   | 512 x 72(WRITE_FIRST)  |   | R | Port A and B     | 0      | 1      | 
|\GEN_RANK[1].GEN_BANK[5].u_bram_manager   | bram_reg   | 512 x 72(READ_FIRST)   | W |   | 512 x 72(WRITE_FIRST)  |   | R | Port A and B     | 0      | 1      | 
|\GEN_RANK[1].GEN_BANK[6].u_bram_manager   | bram_reg   | 512 x 72(READ_FIRST)   | W |   | 512 x 72(WRITE_FIRST)  |   | R | Port A and B     | 0      | 1      | 
|\GEN_RANK[1].GEN_BANK[7].u_bram_manager   | bram_reg   | 512 x 72(READ_FIRST)   | W |   | 512 x 72(WRITE_FIRST)  |   | R | Port A and B     | 0      | 1      | 
|\GEN_RANK[1].GEN_BANK[8].u_bram_manager   | bram_reg   | 512 x 72(READ_FIRST)   | W |   | 512 x 72(WRITE_FIRST)  |   | R | Port A and B     | 0      | 1      | 
|\GEN_RANK[1].GEN_BANK[9].u_bram_manager   | bram_reg   | 512 x 72(READ_FIRST)   | W |   | 512 x 72(WRITE_FIRST)  |   | R | Port A and B     | 0      | 1      | 
|\GEN_RANK[1].GEN_BANK[10].u_bram_manager  | bram_reg   | 512 x 72(READ_FIRST)   | W |   | 512 x 72(WRITE_FIRST)  |   | R | Port A and B     | 0      | 1      | 
|\GEN_RANK[1].GEN_BANK[11].u_bram_manager  | bram_reg   | 512 x 72(READ_FIRST)   | W |   | 512 x 72(WRITE_FIRST)  |   | R | Port A and B     | 0      | 1      | 
|\GEN_RANK[2].GEN_BANK[0].u_bram_manager   | bram_reg   | 512 x 72(READ_FIRST)   | W |   | 512 x 72(WRITE_FIRST)  |   | R | Port A and B     | 0      | 1      | 
|\GEN_RANK[2].GEN_BANK[1].u_bram_manager   | bram_reg   | 512 x 72(READ_FIRST)   | W |   | 512 x 72(WRITE_FIRST)  |   | R | Port A and B     | 0      | 1      | 
|\GEN_RANK[2].GEN_BANK[2].u_bram_manager   | bram_reg   | 512 x 72(READ_FIRST)   | W |   | 512 x 72(WRITE_FIRST)  |   | R | Port A and B     | 0      | 1      | 
|\GEN_RANK[2].GEN_BANK[3].u_bram_manager   | bram_reg   | 512 x 72(READ_FIRST)   | W |   | 512 x 72(WRITE_FIRST)  |   | R | Port A and B     | 0      | 1      | 
|\GEN_RANK[2].GEN_BANK[4].u_bram_manager   | bram_reg   | 512 x 72(READ_FIRST)   | W |   | 512 x 72(WRITE_FIRST)  |   | R | Port A and B     | 0      | 1      | 
|\GEN_RANK[2].GEN_BANK[5].u_bram_manager   | bram_reg   | 512 x 72(READ_FIRST)   | W |   | 512 x 72(WRITE_FIRST)  |   | R | Port A and B     | 0      | 1      | 
|\GEN_RANK[2].GEN_BANK[6].u_bram_manager   | bram_reg   | 512 x 72(READ_FIRST)   | W |   | 512 x 72(WRITE_FIRST)  |   | R | Port A and B     | 0      | 1      | 
|\GEN_RANK[2].GEN_BANK[7].u_bram_manager   | bram_reg   | 512 x 72(READ_FIRST)   | W |   | 512 x 72(WRITE_FIRST)  |   | R | Port A and B     | 0      | 1      | 
|\GEN_RANK[2].GEN_BANK[8].u_bram_manager   | bram_reg   | 512 x 72(READ_FIRST)   | W |   | 512 x 72(WRITE_FIRST)  |   | R | Port A and B     | 0      | 1      | 
|\GEN_RANK[2].GEN_BANK[9].u_bram_manager   | bram_reg   | 512 x 72(READ_FIRST)   | W |   | 512 x 72(WRITE_FIRST)  |   | R | Port A and B     | 0      | 1      | 
|\GEN_RANK[2].GEN_BANK[10].u_bram_manager  | bram_reg   | 512 x 72(READ_FIRST)   | W |   | 512 x 72(WRITE_FIRST)  |   | R | Port A and B     | 0      | 1      | 
|\GEN_RANK[2].GEN_BANK[11].u_bram_manager  | bram_reg   | 512 x 72(READ_FIRST)   | W |   | 512 x 72(WRITE_FIRST)  |   | R | Port A and B     | 0      | 1      | 
|\GEN_RANK[3].GEN_BANK[0].u_bram_manager   | bram_reg   | 512 x 72(READ_FIRST)   | W |   | 512 x 72(WRITE_FIRST)  |   | R | Port A and B     | 0      | 1      | 
|\GEN_RANK[3].GEN_BANK[1].u_bram_manager   | bram_reg   | 512 x 72(READ_FIRST)   | W |   | 512 x 72(WRITE_FIRST)  |   | R | Port A and B     | 0      | 1      | 
|\GEN_RANK[3].GEN_BANK[2].u_bram_manager   | bram_reg   | 512 x 72(READ_FIRST)   | W |   | 512 x 72(WRITE_FIRST)  |   | R | Port A and B     | 0      | 1      | 
|\GEN_RANK[3].GEN_BANK[3].u_bram_manager   | bram_reg   | 512 x 72(READ_FIRST)   | W |   | 512 x 72(WRITE_FIRST)  |   | R | Port A and B     | 0      | 1      | 
|\GEN_RANK[3].GEN_BANK[4].u_bram_manager   | bram_reg   | 512 x 72(READ_FIRST)   | W |   | 512 x 72(WRITE_FIRST)  |   | R | Port A and B     | 0      | 1      | 
|\GEN_RANK[3].GEN_BANK[5].u_bram_manager   | bram_reg   | 512 x 72(READ_FIRST)   | W |   | 512 x 72(WRITE_FIRST)  |   | R | Port A and B     | 0      | 1      | 
|\GEN_RANK[3].GEN_BANK[6].u_bram_manager   | bram_reg   | 512 x 72(READ_FIRST)   | W |   | 512 x 72(WRITE_FIRST)  |   | R | Port A and B     | 0      | 1      | 
|\GEN_RANK[3].GEN_BANK[7].u_bram_manager   | bram_reg   | 512 x 72(READ_FIRST)   | W |   | 512 x 72(WRITE_FIRST)  |   | R | Port A and B     | 0      | 1      | 
|\GEN_RANK[3].GEN_BANK[8].u_bram_manager   | bram_reg   | 512 x 72(READ_FIRST)   | W |   | 512 x 72(WRITE_FIRST)  |   | R | Port A and B     | 0      | 1      | 
|\GEN_RANK[3].GEN_BANK[9].u_bram_manager   | bram_reg   | 512 x 72(READ_FIRST)   | W |   | 512 x 72(WRITE_FIRST)  |   | R | Port A and B     | 0      | 1      | 
|\GEN_RANK[3].GEN_BANK[10].u_bram_manager  | bram_reg   | 512 x 72(READ_FIRST)   | W |   | 512 x 72(WRITE_FIRST)  |   | R | Port A and B     | 0      | 1      | 
|\GEN_RANK[3].GEN_BANK[11].u_bram_manager  | bram_reg   | 512 x 72(READ_FIRST)   | W |   | 512 x 72(WRITE_FIRST)  |   | R | Port A and B     | 0      | 1      | 
|\GEN_RANK[4].GEN_BANK[0].u_bram_manager   | bram_reg   | 512 x 72(READ_FIRST)   | W |   | 512 x 72(WRITE_FIRST)  |   | R | Port A and B     | 0      | 1      | 
|\GEN_RANK[4].GEN_BANK[1].u_bram_manager   | bram_reg   | 512 x 72(READ_FIRST)   | W |   | 512 x 72(WRITE_FIRST)  |   | R | Port A and B     | 0      | 1      | 
|\GEN_RANK[4].GEN_BANK[2].u_bram_manager   | bram_reg   | 512 x 72(READ_FIRST)   | W |   | 512 x 72(WRITE_FIRST)  |   | R | Port A and B     | 0      | 1      | 
|\GEN_RANK[4].GEN_BANK[3].u_bram_manager   | bram_reg   | 512 x 72(READ_FIRST)   | W |   | 512 x 72(WRITE_FIRST)  |   | R | Port A and B     | 0      | 1      | 
|\GEN_RANK[4].GEN_BANK[4].u_bram_manager   | bram_reg   | 512 x 72(READ_FIRST)   | W |   | 512 x 72(WRITE_FIRST)  |   | R | Port A and B     | 0      | 1      | 
|\GEN_RANK[4].GEN_BANK[5].u_bram_manager   | bram_reg   | 512 x 72(READ_FIRST)   | W |   | 512 x 72(WRITE_FIRST)  |   | R | Port A and B     | 0      | 1      | 
|\GEN_RANK[4].GEN_BANK[6].u_bram_manager   | bram_reg   | 512 x 72(READ_FIRST)   | W |   | 512 x 72(WRITE_FIRST)  |   | R | Port A and B     | 0      | 1      | 
|\GEN_RANK[4].GEN_BANK[7].u_bram_manager   | bram_reg   | 512 x 72(READ_FIRST)   | W |   | 512 x 72(WRITE_FIRST)  |   | R | Port A and B     | 0      | 1      | 
|\GEN_RANK[4].GEN_BANK[8].u_bram_manager   | bram_reg   | 512 x 72(READ_FIRST)   | W |   | 512 x 72(WRITE_FIRST)  |   | R | Port A and B     | 0      | 1      | 
|\GEN_RANK[4].GEN_BANK[9].u_bram_manager   | bram_reg   | 512 x 72(READ_FIRST)   | W |   | 512 x 72(WRITE_FIRST)  |   | R | Port A and B     | 0      | 1      | 
|\GEN_RANK[4].GEN_BANK[10].u_bram_manager  | bram_reg   | 512 x 72(READ_FIRST)   | W |   | 512 x 72(WRITE_FIRST)  |   | R | Port A and B     | 0      | 1      | 
|\GEN_RANK[4].GEN_BANK[11].u_bram_manager  | bram_reg   | 512 x 72(READ_FIRST)   | W |   | 512 x 72(WRITE_FIRST)  |   | R | Port A and B     | 0      | 1      | 
+------------------------------------------+------------+------------------------+---+---+------------------------+---+---+------------------+--------+--------+

Note: The table above is a preliminary report that shows the Block RAMs at the current stage of the synthesis flow. Some Block RAMs may be reimplemented as non Block RAM primitives later in the synthesis flow. Multiple instantiated Block RAMs are reported only once. 
---------------------------------------------------------------------------------
Finished ROM, RAM, DSP, Shift Register and Retiming Reporting
---------------------------------------------------------------------------------
---------------------------------------------------------------------------------
Start Applying XDC Timing Constraints
---------------------------------------------------------------------------------
---------------------------------------------------------------------------------
Finished Applying XDC Timing Constraints : Time (s): cpu = 00:01:10 ; elapsed = 00:01:15 . Memory (MB): peak = 1789.094 ; gain = 929.637
---------------------------------------------------------------------------------
---------------------------------------------------------------------------------
Start Timing Optimization
---------------------------------------------------------------------------------
---------------------------------------------------------------------------------
Finished Timing Optimization : Time (s): cpu = 00:01:11 ; elapsed = 00:01:16 . Memory (MB): peak = 1806.668 ; gain = 947.211
---------------------------------------------------------------------------------
---------------------------------------------------------------------------------
Start ROM, RAM, DSP, Shift Register and Retiming Reporting
---------------------------------------------------------------------------------

Block RAM: Final Mapping Report
+------------------------------------------+------------+------------------------+---+---+------------------------+---+---+------------------+--------+--------+
|Module Name                               | RTL Object | PORT A (Depth x Width) | W | R | PORT B (Depth x Width) | W | R | Ports driving FF | RAMB18 | RAMB36 | 
+------------------------------------------+------------+------------------------+---+---+------------------------+---+---+------------------+--------+--------+
|\GEN_RANK[0].GEN_BANK[0].u_bram_manager   | bram_reg   | 512 x 72(READ_FIRST)   | W |   | 512 x 72(WRITE_FIRST)  |   | R | Port A and B     | 0      | 1      | 
|\GEN_RANK[0].GEN_BANK[1].u_bram_manager   | bram_reg   | 512 x 72(READ_FIRST)   | W |   | 512 x 72(WRITE_FIRST)  |   | R | Port A and B     | 0      | 1      | 
|\GEN_RANK[0].GEN_BANK[2].u_bram_manager   | bram_reg   | 512 x 72(READ_FIRST)   | W |   | 512 x 72(WRITE_FIRST)  |   | R | Port A and B     | 0      | 1      | 
|\GEN_RANK[0].GEN_BANK[3].u_bram_manager   | bram_reg   | 512 x 72(READ_FIRST)   | W |   | 512 x 72(WRITE_FIRST)  |   | R | Port A and B     | 0      | 1      | 
|\GEN_RANK[0].GEN_BANK[4].u_bram_manager   | bram_reg   | 512 x 72(READ_FIRST)   | W |   | 512 x 72(WRITE_FIRST)  |   | R | Port A and B     | 0      | 1      | 
|\GEN_RANK[0].GEN_BANK[5].u_bram_manager   | bram_reg   | 512 x 72(READ_FIRST)   | W |   | 512 x 72(WRITE_FIRST)  |   | R | Port A and B     | 0      | 1      | 
|\GEN_RANK[0].GEN_BANK[6].u_bram_manager   | bram_reg   | 512 x 72(READ_FIRST)   | W |   | 512 x 72(WRITE_FIRST)  |   | R | Port A and B     | 0      | 1      | 
|\GEN_RANK[0].GEN_BANK[7].u_bram_manager   | bram_reg   | 512 x 72(READ_FIRST)   | W |   | 512 x 72(WRITE_FIRST)  |   | R | Port A and B     | 0      | 1      | 
|\GEN_RANK[0].GEN_BANK[8].u_bram_manager   | bram_reg   | 512 x 72(READ_FIRST)   | W |   | 512 x 72(WRITE_FIRST)  |   | R | Port A and B     | 0      | 1      | 
|\GEN_RANK[0].GEN_BANK[9].u_bram_manager   | bram_reg   | 512 x 72(READ_FIRST)   | W |   | 512 x 72(WRITE_FIRST)  |   | R | Port A and B     | 0      | 1      | 
|\GEN_RANK[0].GEN_BANK[10].u_bram_manager  | bram_reg   | 512 x 72(READ_FIRST)   | W |   | 512 x 72(WRITE_FIRST)  |   | R | Port A and B     | 0      | 1      | 
|\GEN_RANK[0].GEN_BANK[11].u_bram_manager  | bram_reg   | 512 x 72(READ_FIRST)   | W |   | 512 x 72(WRITE_FIRST)  |   | R | Port A and B     | 0      | 1      | 
|\GEN_RANK[1].GEN_BANK[0].u_bram_manager   | bram_reg   | 512 x 72(READ_FIRST)   | W |   | 512 x 72(WRITE_FIRST)  |   | R | Port A and B     | 0      | 1      | 
|\GEN_RANK[1].GEN_BANK[1].u_bram_manager   | bram_reg   | 512 x 72(READ_FIRST)   | W |   | 512 x 72(WRITE_FIRST)  |   | R | Port A and B     | 0      | 1      | 
|\GEN_RANK[1].GEN_BANK[2].u_bram_manager   | bram_reg   | 512 x 72(READ_FIRST)   | W |   | 512 x 72(WRITE_FIRST)  |   | R | Port A and B     | 0      | 1      | 
|\GEN_RANK[1].GEN_BANK[3].u_bram_manager   | bram_reg   | 512 x 72(READ_FIRST)   | W |   | 512 x 72(WRITE_FIRST)  |   | R | Port A and B     | 0      | 1      | 
|\GEN_RANK[1].GEN_BANK[4].u_bram_manager   | bram_reg   | 512 x 72(READ_FIRST)   | W |   | 512 x 72(WRITE_FIRST)  |   | R | Port A and B     | 0      | 1      | 
|\GEN_RANK[1].GEN_BANK[5].u_bram_manager   | bram_reg   | 512 x 72(READ_FIRST)   | W |   | 512 x 72(WRITE_FIRST)  |   | R | Port A and B     | 0      | 1      | 
|\GEN_RANK[1].GEN_BANK[6].u_bram_manager   | bram_reg   | 512 x 72(READ_FIRST)   | W |   | 512 x 72(WRITE_FIRST)  |   | R | Port A and B     | 0      | 1      | 
|\GEN_RANK[1].GEN_BANK[7].u_bram_manager   | bram_reg   | 512 x 72(READ_FIRST)   | W |   | 512 x 72(WRITE_FIRST)  |   | R | Port A and B     | 0      | 1      | 
|\GEN_RANK[1].GEN_BANK[8].u_bram_manager   | bram_reg   | 512 x 72(READ_FIRST)   | W |   | 512 x 72(WRITE_FIRST)  |   | R | Port A and B     | 0      | 1      | 
|\GEN_RANK[1].GEN_BANK[9].u_bram_manager   | bram_reg   | 512 x 72(READ_FIRST)   | W |   | 512 x 72(WRITE_FIRST)  |   | R | Port A and B     | 0      | 1      | 
|\GEN_RANK[1].GEN_BANK[10].u_bram_manager  | bram_reg   | 512 x 72(READ_FIRST)   | W |   | 512 x 72(WRITE_FIRST)  |   | R | Port A and B     | 0      | 1      | 
|\GEN_RANK[1].GEN_BANK[11].u_bram_manager  | bram_reg   | 512 x 72(READ_FIRST)   | W |   | 512 x 72(WRITE_FIRST)  |   | R | Port A and B     | 0      | 1      | 
|\GEN_RANK[2].GEN_BANK[0].u_bram_manager   | bram_reg   | 512 x 72(READ_FIRST)   | W |   | 512 x 72(WRITE_FIRST)  |   | R | Port A and B     | 0      | 1      | 
|\GEN_RANK[2].GEN_BANK[1].u_bram_manager   | bram_reg   | 512 x 72(READ_FIRST)   | W |   | 512 x 72(WRITE_FIRST)  |   | R | Port A and B     | 0      | 1      | 
|\GEN_RANK[2].GEN_BANK[2].u_bram_manager   | bram_reg   | 512 x 72(READ_FIRST)   | W |   | 512 x 72(WRITE_FIRST)  |   | R | Port A and B     | 0      | 1      | 
|\GEN_RANK[2].GEN_BANK[3].u_bram_manager   | bram_reg   | 512 x 72(READ_FIRST)   | W |   | 512 x 72(WRITE_FIRST)  |   | R | Port A and B     | 0      | 1      | 
|\GEN_RANK[2].GEN_BANK[4].u_bram_manager   | bram_reg   | 512 x 72(READ_FIRST)   | W |   | 512 x 72(WRITE_FIRST)  |   | R | Port A and B     | 0      | 1      | 
|\GEN_RANK[2].GEN_BANK[5].u_bram_manager   | bram_reg   | 512 x 72(READ_FIRST)   | W |   | 512 x 72(WRITE_FIRST)  |   | R | Port A and B     | 0      | 1      | 
|\GEN_RANK[2].GEN_BANK[6].u_bram_manager   | bram_reg   | 512 x 72(READ_FIRST)   | W |   | 512 x 72(WRITE_FIRST)  |   | R | Port A and B     | 0      | 1      | 
|\GEN_RANK[2].GEN_BANK[7].u_bram_manager   | bram_reg   | 512 x 72(READ_FIRST)   | W |   | 512 x 72(WRITE_FIRST)  |   | R | Port A and B     | 0      | 1      | 
|\GEN_RANK[2].GEN_BANK[8].u_bram_manager   | bram_reg   | 512 x 72(READ_FIRST)   | W |   | 512 x 72(WRITE_FIRST)  |   | R | Port A and B     | 0      | 1      | 
|\GEN_RANK[2].GEN_BANK[9].u_bram_manager   | bram_reg   | 512 x 72(READ_FIRST)   | W |   | 512 x 72(WRITE_FIRST)  |   | R | Port A and B     | 0      | 1      | 
|\GEN_RANK[2].GEN_BANK[10].u_bram_manager  | bram_reg   | 512 x 72(READ_FIRST)   | W |   | 512 x 72(WRITE_FIRST)  |   | R | Port A and B     | 0      | 1      | 
|\GEN_RANK[2].GEN_BANK[11].u_bram_manager  | bram_reg   | 512 x 72(READ_FIRST)   | W |   | 512 x 72(WRITE_FIRST)  |   | R | Port A and B     | 0      | 1      | 
|\GEN_RANK[3].GEN_BANK[0].u_bram_manager   | bram_reg   | 512 x 72(READ_FIRST)   | W |   | 512 x 72(WRITE_FIRST)  |   | R | Port A and B     | 0      | 1      | 
|\GEN_RANK[3].GEN_BANK[1].u_bram_manager   | bram_reg   | 512 x 72(READ_FIRST)   | W |   | 512 x 72(WRITE_FIRST)  |   | R | Port A and B     | 0      | 1      | 
|\GEN_RANK[3].GEN_BANK[2].u_bram_manager   | bram_reg   | 512 x 72(READ_FIRST)   | W |   | 512 x 72(WRITE_FIRST)  |   | R | Port A and B     | 0      | 1      | 
|\GEN_RANK[3].GEN_BANK[3].u_bram_manager   | bram_reg   | 512 x 72(READ_FIRST)   | W |   | 512 x 72(WRITE_FIRST)  |   | R | Port A and B     | 0      | 1      | 
|\GEN_RANK[3].GEN_BANK[4].u_bram_manager   | bram_reg   | 512 x 72(READ_FIRST)   | W |   | 512 x 72(WRITE_FIRST)  |   | R | Port A and B     | 0      | 1      | 
|\GEN_RANK[3].GEN_BANK[5].u_bram_manager   | bram_reg   | 512 x 72(READ_FIRST)   | W |   | 512 x 72(WRITE_FIRST)  |   | R | Port A and B     | 0      | 1      | 
|\GEN_RANK[3].GEN_BANK[6].u_bram_manager   | bram_reg   | 512 x 72(READ_FIRST)   | W |   | 512 x 72(WRITE_FIRST)  |   | R | Port A and B     | 0      | 1      | 
|\GEN_RANK[3].GEN_BANK[7].u_bram_manager   | bram_reg   | 512 x 72(READ_FIRST)   | W |   | 512 x 72(WRITE_FIRST)  |   | R | Port A and B     | 0      | 1      | 
|\GEN_RANK[3].GEN_BANK[8].u_bram_manager   | bram_reg   | 512 x 72(READ_FIRST)   | W |   | 512 x 72(WRITE_FIRST)  |   | R | Port A and B     | 0      | 1      | 
|\GEN_RANK[3].GEN_BANK[9].u_bram_manager   | bram_reg   | 512 x 72(READ_FIRST)   | W |   | 512 x 72(WRITE_FIRST)  |   | R | Port A and B     | 0      | 1      | 
|\GEN_RANK[3].GEN_BANK[10].u_bram_manager  | bram_reg   | 512 x 72(READ_FIRST)   | W |   | 512 x 72(WRITE_FIRST)  |   | R | Port A and B     | 0      | 1      | 
|\GEN_RANK[3].GEN_BANK[11].u_bram_manager  | bram_reg   | 512 x 72(READ_FIRST)   | W |   | 512 x 72(WRITE_FIRST)  |   | R | Port A and B     | 0      | 1      | 
|\GEN_RANK[4].GEN_BANK[0].u_bram_manager   | bram_reg   | 512 x 72(READ_FIRST)   | W |   | 512 x 72(WRITE_FIRST)  |   | R | Port A and B     | 0      | 1      | 
|\GEN_RANK[4].GEN_BANK[1].u_bram_manager   | bram_reg   | 512 x 72(READ_FIRST)   | W |   | 512 x 72(WRITE_FIRST)  |   | R | Port A and B     | 0      | 1      | 
|\GEN_RANK[4].GEN_BANK[2].u_bram_manager   | bram_reg   | 512 x 72(READ_FIRST)   | W |   | 512 x 72(WRITE_FIRST)  |   | R | Port A and B     | 0      | 1      | 
|\GEN_RANK[4].GEN_BANK[3].u_bram_manager   | bram_reg   | 512 x 72(READ_FIRST)   | W |   | 512 x 72(WRITE_FIRST)  |   | R | Port A and B     | 0      | 1      | 
|\GEN_RANK[4].GEN_BANK[4].u_bram_manager   | bram_reg   | 512 x 72(READ_FIRST)   | W |   | 512 x 72(WRITE_FIRST)  |   | R | Port A and B     | 0      | 1      | 
|\GEN_RANK[4].GEN_BANK[5].u_bram_manager   | bram_reg   | 512 x 72(READ_FIRST)   | W |   | 512 x 72(WRITE_FIRST)  |   | R | Port A and B     | 0      | 1      | 
|\GEN_RANK[4].GEN_BANK[6].u_bram_manager   | bram_reg   | 512 x 72(READ_FIRST)   | W |   | 512 x 72(WRITE_FIRST)  |   | R | Port A and B     | 0      | 1      | 
|\GEN_RANK[4].GEN_BANK[7].u_bram_manager   | bram_reg   | 512 x 72(READ_FIRST)   | W |   | 512 x 72(WRITE_FIRST)  |   | R | Port A and B     | 0      | 1      | 
|\GEN_RANK[4].GEN_BANK[8].u_bram_manager   | bram_reg   | 512 x 72(READ_FIRST)   | W |   | 512 x 72(WRITE_FIRST)  |   | R | Port A and B     | 0      | 1      | 
|\GEN_RANK[4].GEN_BANK[9].u_bram_manager   | bram_reg   | 512 x 72(READ_FIRST)   | W |   | 512 x 72(WRITE_FIRST)  |   | R | Port A and B     | 0      | 1      | 
|\GEN_RANK[4].GEN_BANK[10].u_bram_manager  | bram_reg   | 512 x 72(READ_FIRST)   | W |   | 512 x 72(WRITE_FIRST)  |   | R | Port A and B     | 0      | 1      | 
|\GEN_RANK[4].GEN_BANK[11].u_bram_manager  | bram_reg   | 512 x 72(READ_FIRST)   | W |   | 512 x 72(WRITE_FIRST)  |   | R | Port A and B     | 0      | 1      | 
+------------------------------------------+------------+------------------------+---+---+------------------------+---+---+------------------+--------+--------+

---------------------------------------------------------------------------------
Finished ROM, RAM, DSP, Shift Register and Retiming Reporting
---------------------------------------------------------------------------------
---------------------------------------------------------------------------------
Start Technology Mapping
---------------------------------------------------------------------------------
INFO: [Synth 8-7052] The timing for the instance GEN_RANK[0].GEN_BANK[0].u_bram_manager/bram_reg (implemented as a Block RAM) might be sub-optimal as no optional output register could be merged into the ram block. Providing additional output register may help in improving timing.
INFO: [Synth 8-7052] The timing for the instance GEN_RANK[0].GEN_BANK[1].u_bram_manager/bram_reg (implemented as a Block RAM) might be sub-optimal as no optional output register could be merged into the ram block. Providing additional output register may help in improving timing.
INFO: [Synth 8-7052] The timing for the instance GEN_RANK[0].GEN_BANK[2].u_bram_manager/bram_reg (implemented as a Block RAM) might be sub-optimal as no optional output register could be merged into the ram block. Providing additional output register may help in improving timing.
INFO: [Synth 8-7052] The timing for the instance GEN_RANK[0].GEN_BANK[3].u_bram_manager/bram_reg (implemented as a Block RAM) might be sub-optimal as no optional output register could be merged into the ram block. Providing additional output register may help in improving timing.
INFO: [Synth 8-7052] The timing for the instance GEN_RANK[0].GEN_BANK[4].u_bram_manager/bram_reg (implemented as a Block RAM) might be sub-optimal as no optional output register could be merged into the ram block. Providing additional output register may help in improving timing.
INFO: [Synth 8-7052] The timing for the instance GEN_RANK[0].GEN_BANK[5].u_bram_manager/bram_reg (implemented as a Block RAM) might be sub-optimal as no optional output register could be merged into the ram block. Providing additional output register may help in improving timing.
INFO: [Synth 8-7052] The timing for the instance GEN_RANK[0].GEN_BANK[6].u_bram_manager/bram_reg (implemented as a Block RAM) might be sub-optimal as no optional output register could be merged into the ram block. Providing additional output register may help in improving timing.
INFO: [Synth 8-7052] The timing for the instance GEN_RANK[0].GEN_BANK[7].u_bram_manager/bram_reg (implemented as a Block RAM) might be sub-optimal as no optional output register could be merged into the ram block. Providing additional output register may help in improving timing.
INFO: [Synth 8-7052] The timing for the instance GEN_RANK[0].GEN_BANK[8].u_bram_manager/bram_reg (implemented as a Block RAM) might be sub-optimal as no optional output register could be merged into the ram block. Providing additional output register may help in improving timing.
INFO: [Synth 8-7052] The timing for the instance GEN_RANK[0].GEN_BANK[9].u_bram_manager/bram_reg (implemented as a Block RAM) might be sub-optimal as no optional output register could be merged into the ram block. Providing additional output register may help in improving timing.
INFO: [Synth 8-7052] The timing for the instance GEN_RANK[0].GEN_BANK[10].u_bram_manager/bram_reg (implemented as a Block RAM) might be sub-optimal as no optional output register could be merged into the ram block. Providing additional output register may help in improving timing.
INFO: [Synth 8-7052] The timing for the instance GEN_RANK[0].GEN_BANK[11].u_bram_manager/bram_reg (implemented as a Block RAM) might be sub-optimal as no optional output register could be merged into the ram block. Providing additional output register may help in improving timing.
INFO: [Synth 8-7052] The timing for the instance GEN_RANK[1].GEN_BANK[0].u_bram_manager/bram_reg (implemented as a Block RAM) might be sub-optimal as no optional output register could be merged into the ram block. Providing additional output register may help in improving timing.
INFO: [Synth 8-7052] The timing for the instance GEN_RANK[1].GEN_BANK[1].u_bram_manager/bram_reg (implemented as a Block RAM) might be sub-optimal as no optional output register could be merged into the ram block. Providing additional output register may help in improving timing.
INFO: [Synth 8-7052] The timing for the instance GEN_RANK[1].GEN_BANK[2].u_bram_manager/bram_reg (implemented as a Block RAM) might be sub-optimal as no optional output register could be merged into the ram block. Providing additional output register may help in improving timing.
INFO: [Synth 8-7052] The timing for the instance GEN_RANK[1].GEN_BANK[3].u_bram_manager/bram_reg (implemented as a Block RAM) might be sub-optimal as no optional output register could be merged into the ram block. Providing additional output register may help in improving timing.
INFO: [Synth 8-7052] The timing for the instance GEN_RANK[1].GEN_BANK[4].u_bram_manager/bram_reg (implemented as a Block RAM) might be sub-optimal as no optional output register could be merged into the ram block. Providing additional output register may help in improving timing.
INFO: [Synth 8-7052] The timing for the instance GEN_RANK[1].GEN_BANK[5].u_bram_manager/bram_reg (implemented as a Block RAM) might be sub-optimal as no optional output register could be merged into the ram block. Providing additional output register may help in improving timing.
INFO: [Synth 8-7052] The timing for the instance GEN_RANK[1].GEN_BANK[6].u_bram_manager/bram_reg (implemented as a Block RAM) might be sub-optimal as no optional output register could be merged into the ram block. Providing additional output register may help in improving timing.
INFO: [Synth 8-7052] The timing for the instance GEN_RANK[1].GEN_BANK[7].u_bram_manager/bram_reg (implemented as a Block RAM) might be sub-optimal as no optional output register could be merged into the ram block. Providing additional output register may help in improving timing.
INFO: [Synth 8-7052] The timing for the instance GEN_RANK[1].GEN_BANK[8].u_bram_manager/bram_reg (implemented as a Block RAM) might be sub-optimal as no optional output register could be merged into the ram block. Providing additional output register may help in improving timing.
INFO: [Synth 8-7052] The timing for the instance GEN_RANK[1].GEN_BANK[9].u_bram_manager/bram_reg (implemented as a Block RAM) might be sub-optimal as no optional output register could be merged into the ram block. Providing additional output register may help in improving timing.
INFO: [Synth 8-7052] The timing for the instance GEN_RANK[1].GEN_BANK[10].u_bram_manager/bram_reg (implemented as a Block RAM) might be sub-optimal as no optional output register could be merged into the ram block. Providing additional output register may help in improving timing.
INFO: [Synth 8-7052] The timing for the instance GEN_RANK[1].GEN_BANK[11].u_bram_manager/bram_reg (implemented as a Block RAM) might be sub-optimal as no optional output register could be merged into the ram block. Providing additional output register may help in improving timing.
INFO: [Synth 8-7052] The timing for the instance GEN_RANK[2].GEN_BANK[0].u_bram_manager/bram_reg (implemented as a Block RAM) might be sub-optimal as no optional output register could be merged into the ram block. Providing additional output register may help in improving timing.
INFO: [Synth 8-7052] The timing for the instance GEN_RANK[2].GEN_BANK[1].u_bram_manager/bram_reg (implemented as a Block RAM) might be sub-optimal as no optional output register could be merged into the ram block. Providing additional output register may help in improving timing.
INFO: [Synth 8-7052] The timing for the instance GEN_RANK[2].GEN_BANK[2].u_bram_manager/bram_reg (implemented as a Block RAM) might be sub-optimal as no optional output register could be merged into the ram block. Providing additional output register may help in improving timing.
INFO: [Synth 8-7052] The timing for the instance GEN_RANK[2].GEN_BANK[3].u_bram_manager/bram_reg (implemented as a Block RAM) might be sub-optimal as no optional output register could be merged into the ram block. Providing additional output register may help in improving timing.
INFO: [Synth 8-7052] The timing for the instance GEN_RANK[2].GEN_BANK[4].u_bram_manager/bram_reg (implemented as a Block RAM) might be sub-optimal as no optional output register could be merged into the ram block. Providing additional output register may help in improving timing.
INFO: [Synth 8-7052] The timing for the instance GEN_RANK[2].GEN_BANK[5].u_bram_manager/bram_reg (implemented as a Block RAM) might be sub-optimal as no optional output register could be merged into the ram block. Providing additional output register may help in improving timing.
INFO: [Synth 8-7052] The timing for the instance GEN_RANK[2].GEN_BANK[6].u_bram_manager/bram_reg (implemented as a Block RAM) might be sub-optimal as no optional output register could be merged into the ram block. Providing additional output register may help in improving timing.
INFO: [Synth 8-7052] The timing for the instance GEN_RANK[2].GEN_BANK[7].u_bram_manager/bram_reg (implemented as a Block RAM) might be sub-optimal as no optional output register could be merged into the ram block. Providing additional output register may help in improving timing.
INFO: [Synth 8-7052] The timing for the instance GEN_RANK[2].GEN_BANK[8].u_bram_manager/bram_reg (implemented as a Block RAM) might be sub-optimal as no optional output register could be merged into the ram block. Providing additional output register may help in improving timing.
INFO: [Synth 8-7052] The timing for the instance GEN_RANK[2].GEN_BANK[9].u_bram_manager/bram_reg (implemented as a Block RAM) might be sub-optimal as no optional output register could be merged into the ram block. Providing additional output register may help in improving timing.
INFO: [Synth 8-7052] The timing for the instance GEN_RANK[2].GEN_BANK[10].u_bram_manager/bram_reg (implemented as a Block RAM) might be sub-optimal as no optional output register could be merged into the ram block. Providing additional output register may help in improving timing.
INFO: [Synth 8-7052] The timing for the instance GEN_RANK[2].GEN_BANK[11].u_bram_manager/bram_reg (implemented as a Block RAM) might be sub-optimal as no optional output register could be merged into the ram block. Providing additional output register may help in improving timing.
INFO: [Synth 8-7052] The timing for the instance GEN_RANK[3].GEN_BANK[0].u_bram_manager/bram_reg (implemented as a Block RAM) might be sub-optimal as no optional output register could be merged into the ram block. Providing additional output register may help in improving timing.
INFO: [Synth 8-7052] The timing for the instance GEN_RANK[3].GEN_BANK[1].u_bram_manager/bram_reg (implemented as a Block RAM) might be sub-optimal as no optional output register could be merged into the ram block. Providing additional output register may help in improving timing.
INFO: [Synth 8-7052] The timing for the instance GEN_RANK[3].GEN_BANK[2].u_bram_manager/bram_reg (implemented as a Block RAM) might be sub-optimal as no optional output register could be merged into the ram block. Providing additional output register may help in improving timing.
INFO: [Synth 8-7052] The timing for the instance GEN_RANK[3].GEN_BANK[3].u_bram_manager/bram_reg (implemented as a Block RAM) might be sub-optimal as no optional output register could be merged into the ram block. Providing additional output register may help in improving timing.
INFO: [Synth 8-7052] The timing for the instance GEN_RANK[3].GEN_BANK[4].u_bram_manager/bram_reg (implemented as a Block RAM) might be sub-optimal as no optional output register could be merged into the ram block. Providing additional output register may help in improving timing.
INFO: [Synth 8-7052] The timing for the instance GEN_RANK[3].GEN_BANK[5].u_bram_manager/bram_reg (implemented as a Block RAM) might be sub-optimal as no optional output register could be merged into the ram block. Providing additional output register may help in improving timing.
INFO: [Synth 8-7052] The timing for the instance GEN_RANK[3].GEN_BANK[6].u_bram_manager/bram_reg (implemented as a Block RAM) might be sub-optimal as no optional output register could be merged into the ram block. Providing additional output register may help in improving timing.
INFO: [Synth 8-7052] The timing for the instance GEN_RANK[3].GEN_BANK[7].u_bram_manager/bram_reg (implemented as a Block RAM) might be sub-optimal as no optional output register could be merged into the ram block. Providing additional output register may help in improving timing.
INFO: [Synth 8-7052] The timing for the instance GEN_RANK[3].GEN_BANK[8].u_bram_manager/bram_reg (implemented as a Block RAM) might be sub-optimal as no optional output register could be merged into the ram block. Providing additional output register may help in improving timing.
INFO: [Synth 8-7052] The timing for the instance GEN_RANK[3].GEN_BANK[9].u_bram_manager/bram_reg (implemented as a Block RAM) might be sub-optimal as no optional output register could be merged into the ram block. Providing additional output register may help in improving timing.
INFO: [Synth 8-7052] The timing for the instance GEN_RANK[3].GEN_BANK[10].u_bram_manager/bram_reg (implemented as a Block RAM) might be sub-optimal as no optional output register could be merged into the ram block. Providing additional output register may help in improving timing.
INFO: [Synth 8-7052] The timing for the instance GEN_RANK[3].GEN_BANK[11].u_bram_manager/bram_reg (implemented as a Block RAM) might be sub-optimal as no optional output register could be merged into the ram block. Providing additional output register may help in improving timing.
INFO: [Synth 8-7052] The timing for the instance GEN_RANK[4].GEN_BANK[0].u_bram_manager/bram_reg (implemented as a Block RAM) might be sub-optimal as no optional output register could be merged into the ram block. Providing additional output register may help in improving timing.
INFO: [Synth 8-7052] The timing for the instance GEN_RANK[4].GEN_BANK[1].u_bram_manager/bram_reg (implemented as a Block RAM) might be sub-optimal as no optional output register could be merged into the ram block. Providing additional output register may help in improving timing.
INFO: [Synth 8-7052] The timing for the instance GEN_RANK[4].GEN_BANK[2].u_bram_manager/bram_reg (implemented as a Block RAM) might be sub-optimal as no optional output register could be merged into the ram block. Providing additional output register may help in improving timing.
INFO: [Synth 8-7052] The timing for the instance GEN_RANK[4].GEN_BANK[3].u_bram_manager/bram_reg (implemented as a Block RAM) might be sub-optimal as no optional output register could be merged into the ram block. Providing additional output register may help in improving timing.
INFO: [Synth 8-7052] The timing for the instance GEN_RANK[4].GEN_BANK[4].u_bram_manager/bram_reg (implemented as a Block RAM) might be sub-optimal as no optional output register could be merged into the ram block. Providing additional output register may help in improving timing.
INFO: [Synth 8-7052] The timing for the instance GEN_RANK[4].GEN_BANK[5].u_bram_manager/bram_reg (implemented as a Block RAM) might be sub-optimal as no optional output register could be merged into the ram block. Providing additional output register may help in improving timing.
INFO: [Synth 8-7052] The timing for the instance GEN_RANK[4].GEN_BANK[6].u_bram_manager/bram_reg (implemented as a Block RAM) might be sub-optimal as no optional output register could be merged into the ram block. Providing additional output register may help in improving timing.
INFO: [Synth 8-7052] The timing for the instance GEN_RANK[4].GEN_BANK[7].u_bram_manager/bram_reg (implemented as a Block RAM) might be sub-optimal as no optional output register could be merged into the ram block. Providing additional output register may help in improving timing.
INFO: [Synth 8-7052] The timing for the instance GEN_RANK[4].GEN_BANK[8].u_bram_manager/bram_reg (implemented as a Block RAM) might be sub-optimal as no optional output register could be merged into the ram block. Providing additional output register may help in improving timing.
INFO: [Synth 8-7052] The timing for the instance GEN_RANK[4].GEN_BANK[9].u_bram_manager/bram_reg (implemented as a Block RAM) might be sub-optimal as no optional output register could be merged into the ram block. Providing additional output register may help in improving timing.
INFO: [Synth 8-7052] The timing for the instance GEN_RANK[4].GEN_BANK[10].u_bram_manager/bram_reg (implemented as a Block RAM) might be sub-optimal as no optional output register could be merged into the ram block. Providing additional output register may help in improving timing.
INFO: [Synth 8-7052] The timing for the instance GEN_RANK[4].GEN_BANK[11].u_bram_manager/bram_reg (implemented as a Block RAM) might be sub-optimal as no optional output register could be merged into the ram block. Providing additional output register may help in improving timing.
---------------------------------------------------------------------------------
Finished Technology Mapping : Time (s): cpu = 00:01:12 ; elapsed = 00:01:18 . Memory (MB): peak = 1888.336 ; gain = 1028.879
---------------------------------------------------------------------------------
---------------------------------------------------------------------------------
Start IO Insertion
---------------------------------------------------------------------------------
---------------------------------------------------------------------------------
Start Flattening Before IO Insertion
---------------------------------------------------------------------------------
---------------------------------------------------------------------------------
Finished Flattening Before IO Insertion
---------------------------------------------------------------------------------
---------------------------------------------------------------------------------
Start Final Netlist Cleanup
---------------------------------------------------------------------------------
---------------------------------------------------------------------------------
Finished Final Netlist Cleanup
---------------------------------------------------------------------------------
---------------------------------------------------------------------------------
Finished IO Insertion : Time (s): cpu = 00:01:17 ; elapsed = 00:01:23 . Memory (MB): peak = 2049.711 ; gain = 1190.254
---------------------------------------------------------------------------------
---------------------------------------------------------------------------------
Start Renaming Generated Instances
---------------------------------------------------------------------------------
---------------------------------------------------------------------------------
Finished Renaming Generated Instances : Time (s): cpu = 00:01:17 ; elapsed = 00:01:23 . Memory (MB): peak = 2049.711 ; gain = 1190.254
---------------------------------------------------------------------------------
---------------------------------------------------------------------------------
Start Rebuilding User Hierarchy
---------------------------------------------------------------------------------
---------------------------------------------------------------------------------
Finished Rebuilding User Hierarchy : Time (s): cpu = 00:01:17 ; elapsed = 00:01:23 . Memory (MB): peak = 2049.711 ; gain = 1190.254
---------------------------------------------------------------------------------
---------------------------------------------------------------------------------
Start Renaming Generated Ports
---------------------------------------------------------------------------------
---------------------------------------------------------------------------------
Finished Renaming Generated Ports : Time (s): cpu = 00:01:17 ; elapsed = 00:01:23 . Memory (MB): peak = 2049.711 ; gain = 1190.254
---------------------------------------------------------------------------------
---------------------------------------------------------------------------------
Start Handling Custom Attributes
---------------------------------------------------------------------------------
---------------------------------------------------------------------------------
Finished Handling Custom Attributes : Time (s): cpu = 00:01:18 ; elapsed = 00:01:23 . Memory (MB): peak = 2053.641 ; gain = 1194.184
---------------------------------------------------------------------------------
---------------------------------------------------------------------------------
Start Renaming Generated Nets
---------------------------------------------------------------------------------
---------------------------------------------------------------------------------
Finished Renaming Generated Nets : Time (s): cpu = 00:01:18 ; elapsed = 00:01:23 . Memory (MB): peak = 2053.641 ; gain = 1194.184
---------------------------------------------------------------------------------
---------------------------------------------------------------------------------
Start Writing Synthesis Report
---------------------------------------------------------------------------------

Report BlackBoxes: 
+-+--------------+----------+
| |BlackBox name |Instances |
+-+--------------+----------+
+-+--------------+----------+

Report Cell Usage: 
+------+---------+------+
|      |Cell     |Count |
+------+---------+------+
|1     |BUFG     |     1|
|2     |LUT2     |   343|
|3     |LUT3     |   106|
|4     |LUT4     |   831|
|5     |LUT5     |    52|
|6     |LUT6     |   616|
|7     |RAMB36E1 |    60|
|24    |FDRE     |   720|
|25    |IBUF     |   107|
|26    |OBUF     |    11|
+------+---------+------+
---------------------------------------------------------------------------------
Finished Writing Synthesis Report : Time (s): cpu = 00:01:18 ; elapsed = 00:01:23 . Memory (MB): peak = 2053.641 ; gain = 1194.184
---------------------------------------------------------------------------------
Synthesis finished with 0 errors, 0 critical warnings and 60 warnings.
Synthesis Optimization Runtime : Time (s): cpu = 00:01:02 ; elapsed = 00:01:19 . Memory (MB): peak = 2053.641 ; gain = 1194.184
Synthesis Optimization Complete : Time (s): cpu = 00:01:18 ; elapsed = 00:01:24 . Memory (MB): peak = 2053.641 ; gain = 1194.184
INFO: [Project 1-571] Translating synthesized netlist
Netlist sorting complete. Time (s): cpu = 00:00:00 ; elapsed = 00:00:00.153 . Memory (MB): peak = 2062.848 ; gain = 0.000
INFO: [Netlist 29-17] Analyzing 60 Unisim elements for replacement
INFO: [Netlist 29-28] Unisim Transformation completed in 0 CPU seconds
INFO: [Project 1-570] Preparing netlist for logic optimization
INFO: [Opt 31-138] Pushed 0 inverter(s) to 0 load pin(s).
Netlist sorting complete. Time (s): cpu = 00:00:00 ; elapsed = 00:00:00.001 . Memory (MB): peak = 2070.035 ; gain = 0.000
INFO: [Project 1-111] Unisim Transformation Summary:
No Unisim elements were transformed.

Synth Design complete | Checksum: 9f956661
INFO: [Common 17-83] Releasing license: Synthesis
327 Infos, 100 Warnings, 0 Critical Warnings and 0 Errors encountered.
synth_design completed successfully
synth_design: Time (s): cpu = 00:01:25 ; elapsed = 00:01:40 . Memory (MB): peak = 2070.035 ; gain = 1416.723
Write ShapeDB Complete: Time (s): cpu = 00:00:00 ; elapsed = 00:00:00.009 . Memory (MB): peak = 2070.035 ; gain = 0.000
INFO: [Common 17-1381] The checkpoint 'C:/Users/aadit/Documents/HardwareFirewall/VivadoLearning/TCAM_104/TCAM_104.runs/synth_1/TCAM.dcp' has been generated.
INFO: [Vivado 12-24828] Executing command : report_utilization -file TCAM_utilization_synth.rpt -pb TCAM_utilization_synth.pb
INFO: [Common 17-206] Exiting Vivado at Sat Mar  7 11:19:35 2026...
