Copyright 1986-2022 Xilinx, Inc. All Rights Reserved. Copyright 2022-2025 Advanced Micro Devices, Inc. All Rights Reserved.
------------------------------------------------------------------------------------------------------------------------------------------------------------------------------------------------------------------------
| Tool Version : Vivado v.2025.2 (win64) Build 6299465 Fri Nov 14 19:35:11 GMT 2025
| Date         : Sat Mar  7 11:21:21 2026
| Host         : VMWin11Pro running 64-bit major release  (build 9200)
| Command      : report_timing_summary -max_paths 10 -routable_nets -report_unconstrained -file TCAM_timing_summary_routed.rpt -pb TCAM_timing_summary_routed.pb -rpx TCAM_timing_summary_routed.rpx -warn_on_violation
| Design       : TCAM
| Device       : 7k160t-ffg676
| Speed File   : -2  PRODUCTION 1.12 2017-02-17
| Design State : Routed
------------------------------------------------------------------------------------------------------------------------------------------------------------------------------------------------------------------------

Timing Summary Report

------------------------------------------------------------------------------------------------
| Timer Settings
| --------------
------------------------------------------------------------------------------------------------

  Enable Multi Corner Analysis               :  Yes
  Enable Pessimism Removal                   :  Yes
  Pessimism Removal Resolution               :  Nearest Common Node
  Enable Input Delay Default Clock           :  No
  Enable Preset / Clear Arcs                 :  No
  Disable Flight Delays                      :  No
  Ignore I/O Paths                           :  No
  Timing Early Launch at Borrowing Latches   :  No
  Borrow Time for Max Delay Exceptions       :  Yes
  Merge Timing Exceptions                    :  Yes
  Inter-SLR Compensation                     :  Conservative

  Corner  Analyze    Analyze    
  Name    Max Paths  Min Paths  
  ------  ---------  ---------  
  Slow    Yes        Yes        
  Fast    Yes        Yes        


------------------------------------------------------------------------------------------------
| Report Methodology
| ------------------
------------------------------------------------------------------------------------------------

Rule       Severity  Description                                 Violations  
---------  --------  ------------------------------------------  ----------  
SYNTH-6    Warning   Timing of a RAM block might be sub-optimal  60          
TIMING-18  Warning   Missing input or output delay               117         

Note: This report is based on the most recent report_methodology run and may not be up-to-date. Run report_methodology on the current design for the latest report.



check_timing report

Table of Contents
-----------------
1. checking no_clock (0)
2. checking constant_clock (0)
3. checking pulse_width_clock (0)
4. checking unconstrained_internal_endpoints (0)
5. checking no_input_delay (106)
6. checking no_output_delay (11)
7. checking multiple_clock (0)
8. checking generated_clocks (0)
9. checking loops (0)
10. checking partial_input_delay (0)
11. checking partial_output_delay (0)
12. checking latch_loops (0)

1. checking no_clock (0)
------------------------
 There are 0 register/latch pins with no clock.


2. checking constant_clock (0)
------------------------------
 There are 0 register/latch pins with constant_clock.


3. checking pulse_width_clock (0)
---------------------------------
 There are 0 register/latch pins which need pulse_width check


4. checking unconstrained_internal_endpoints (0)
------------------------------------------------
 There are 0 pins that are not constrained for maximum delay.

 There are 0 pins that are not constrained for maximum delay due to constant clock.


5. checking no_input_delay (106)
--------------------------------
 There are 106 input ports with no input delay specified. (HIGH)

 There are 0 input ports with no input delay but user has a false path constraint.


6. checking no_output_delay (11)
--------------------------------
 There are 11 ports with no output delay specified. (HIGH)

 There are 0 ports with no output delay but user has a false path constraint

 There are 0 ports with no output delay but with a timing clock defined on it or propagating through it


7. checking multiple_clock (0)
------------------------------
 There are 0 register/latch pins with multiple clocks.


8. checking generated_clocks (0)
--------------------------------
 There are 0 generated clocks that are not connected to a clock source.


9. checking loops (0)
---------------------
 There are 0 combinational loops in the design.


10. checking partial_input_delay (0)
------------------------------------
 There are 0 input ports with partial input delay specified.


11. checking partial_output_delay (0)
-------------------------------------
 There are 0 ports with partial output delay specified.


12. checking latch_loops (0)
----------------------------
 There are 0 combinational latch loops in the design through latch input



------------------------------------------------------------------------------------------------
| Design Timing Summary
| ---------------------
------------------------------------------------------------------------------------------------

    WNS(ns)      TNS(ns)  TNS Failing Endpoints  TNS Total Endpoints      WHS(ns)      THS(ns)  THS Failing Endpoints  THS Total Endpoints     WPWS(ns)     TPWS(ns)  TPWS Failing Endpoints  TPWS Total Endpoints  
    -------      -------  ---------------------  -------------------      -------      -------  ---------------------  -------------------     --------     --------  ----------------------  --------------------  
      7.590        0.000                      0                  660        0.063        0.000                      0                  660        4.600        0.000                       0                   841  


All user specified timing constraints are met.


------------------------------------------------------------------------------------------------
| Clock Summary
| -------------
------------------------------------------------------------------------------------------------

Clock  Waveform(ns)       Period(ns)      Frequency(MHz)
-----  ------------       ----------      --------------
clk    {0.000 5.000}      10.000          100.000         


------------------------------------------------------------------------------------------------
| Intra Clock Table
| -----------------
------------------------------------------------------------------------------------------------

Clock             WNS(ns)      TNS(ns)  TNS Failing Endpoints  TNS Total Endpoints      WHS(ns)      THS(ns)  THS Failing Endpoints  THS Total Endpoints     WPWS(ns)     TPWS(ns)  TPWS Failing Endpoints  TPWS Total Endpoints  
-----             -------      -------  ---------------------  -------------------      -------      -------  ---------------------  -------------------     --------     --------  ----------------------  --------------------  
clk                 7.590        0.000                      0                  660        0.063        0.000                      0                  660        4.600        0.000                       0                   841  


------------------------------------------------------------------------------------------------
| Inter Clock Table
| -----------------
------------------------------------------------------------------------------------------------

From Clock    To Clock          WNS(ns)      TNS(ns)  TNS Failing Endpoints  TNS Total Endpoints      WHS(ns)      THS(ns)  THS Failing Endpoints  THS Total Endpoints  
----------    --------          -------      -------  ---------------------  -------------------      -------      -------  ---------------------  -------------------  


------------------------------------------------------------------------------------------------
| Other Path Groups Table
| -----------------------
------------------------------------------------------------------------------------------------

Path Group    From Clock    To Clock          WNS(ns)      TNS(ns)  TNS Failing Endpoints  TNS Total Endpoints      WHS(ns)      THS(ns)  THS Failing Endpoints  THS Total Endpoints  
----------    ----------    --------          -------      -------  ---------------------  -------------------      -------      -------  ---------------------  -------------------  


------------------------------------------------------------------------------------------------
| User Ignored Path Table
| -----------------------
------------------------------------------------------------------------------------------------

Path Group    From Clock    To Clock    
----------    ----------    --------    


------------------------------------------------------------------------------------------------
| Unconstrained Path Table
| ------------------------
------------------------------------------------------------------------------------------------

Path Group    From Clock    To Clock    
----------    ----------    --------    
(none)        clk                         
(none)                      clk           


------------------------------------------------------------------------------------------------
| Timing Details
| --------------
------------------------------------------------------------------------------------------------


---------------------------------------------------------------------------------------------------
From Clock:  clk
  To Clock:  clk

Setup :            0  Failing Endpoints,  Worst Slack        7.590ns,  Total Violation        0.000ns
Hold  :            0  Failing Endpoints,  Worst Slack        0.063ns,  Total Violation        0.000ns
PW    :            0  Failing Endpoints,  Worst Slack        4.600ns,  Total Violation        0.000ns
---------------------------------------------------------------------------------------------------


Max Delay Paths
--------------------------------------------------------------------------------------
Slack (MET) :             7.590ns  (required time - arrival time)
  Source:                 GEN_RANK[3].GEN_BANK[0].u_bram_manager/req_write_d_reg/C
                            (rising edge-triggered cell FDRE clocked by clk  {rise@0.000ns fall@5.000ns period=10.000ns})
  Destination:            GEN_RANK[3].GEN_BANK[0].u_bram_manager/bram_reg/ENARDEN
                            (rising edge-triggered cell RAMB36E1 clocked by clk  {rise@0.000ns fall@5.000ns period=10.000ns})
  Path Group:             clk
  Path Type:              Setup (Max at Slow Process Corner)
  Requirement:            10.000ns  (clk rise@10.000ns - clk rise@0.000ns)
  Data Path Delay:        2.097ns  (logic 0.302ns (14.401%)  route 1.795ns (85.599%))
  Logic Levels:           1  (LUT3=1)
  Clock Path Skew:        0.051ns (DCD - SCD + CPR)
    Destination Clock Delay (DCD):    3.823ns = ( 13.823 - 10.000 ) 
    Source Clock Delay      (SCD):    4.056ns
    Clock Pessimism Removal (CPR):    0.283ns
  Clock Uncertainty:      0.035ns  ((TSJ^2 + TIJ^2)^1/2 + DJ) / 2 + PE
    Total System Jitter     (TSJ):    0.071ns
    Total Input Jitter      (TIJ):    0.000ns
    Discrete Jitter          (DJ):    0.000ns
    Phase Error              (PE):    0.000ns

    Location             Delay type                Incr(ns)  Path(ns)    Netlist Resource(s)
  -------------------------------------------------------------------    -------------------
                         (clock clk rise edge)        0.000     0.000 r  
    D23                                               0.000     0.000 r  clk (IN)
                         net (fo=0)                   0.000     0.000    clk
    D23                  IBUF (Prop_ibuf_I_O)         0.794     0.794 r  clk_IBUF_inst/O
                         net (fo=1, routed)           1.611     2.405    clk_IBUF
    BUFGCTRL_X0Y0        BUFG (Prop_bufg_I_O)         0.093     2.498 r  clk_IBUF_BUFG_inst/O
                         net (fo=840, routed)         1.558     4.056    GEN_RANK[3].GEN_BANK[0].u_bram_manager/clk
    SLICE_X50Y29         FDRE                                         r  GEN_RANK[3].GEN_BANK[0].u_bram_manager/req_write_d_reg/C
  -------------------------------------------------------------------    -------------------
    SLICE_X50Y29         FDRE (Prop_fdre_C_Q)         0.259     4.315 f  GEN_RANK[3].GEN_BANK[0].u_bram_manager/req_write_d_reg/Q
                         net (fo=2, routed)           0.282     4.598    GEN_RANK[3].GEN_BANK[0].u_bram_manager/req_write_d
    SLICE_X50Y29         LUT3 (Prop_lut3_I1_O)        0.043     4.641 r  GEN_RANK[3].GEN_BANK[0].u_bram_manager/bram_reg_i_1/O
                         net (fo=1, routed)           1.513     6.153    GEN_RANK[3].GEN_BANK[0].u_bram_manager/bram_reg_i_1_n_0
    RAMB36_X0Y2          RAMB36E1                                     r  GEN_RANK[3].GEN_BANK[0].u_bram_manager/bram_reg/ENARDEN
  -------------------------------------------------------------------    -------------------

                         (clock clk rise edge)       10.000    10.000 r  
    D23                                               0.000    10.000 r  clk (IN)
                         net (fo=0)                   0.000    10.000    clk
    D23                  IBUF (Prop_ibuf_I_O)         0.719    10.719 r  clk_IBUF_inst/O
                         net (fo=1, routed)           1.503    12.222    clk_IBUF
    BUFGCTRL_X0Y0        BUFG (Prop_bufg_I_O)         0.083    12.305 r  clk_IBUF_BUFG_inst/O
                         net (fo=840, routed)         1.519    13.823    GEN_RANK[3].GEN_BANK[0].u_bram_manager/clk
    RAMB36_X0Y2          RAMB36E1                                     r  GEN_RANK[3].GEN_BANK[0].u_bram_manager/bram_reg/CLKARDCLK
                         clock pessimism              0.283    14.107    
                         clock uncertainty           -0.035    14.071    
    RAMB36_X0Y2          RAMB36E1 (Setup_ramb36e1_CLKARDCLK_ENARDEN)
                                                     -0.328    13.743    GEN_RANK[3].GEN_BANK[0].u_bram_manager/bram_reg
  -------------------------------------------------------------------
                         required time                         13.743    
                         arrival time                          -6.153    
  -------------------------------------------------------------------
                         slack                                  7.590    

Slack (MET) :             7.647ns  (required time - arrival time)
  Source:                 GEN_RANK[4].GEN_BANK[9].u_bram_manager/req_valid_d_reg/C
                            (rising edge-triggered cell FDRE clocked by clk  {rise@0.000ns fall@5.000ns period=10.000ns})
  Destination:            GEN_RANK[4].GEN_BANK[9].u_bram_manager/bram_reg/ENARDEN
                            (rising edge-triggered cell RAMB36E1 clocked by clk  {rise@0.000ns fall@5.000ns period=10.000ns})
  Path Group:             clk
  Path Type:              Setup (Max at Slow Process Corner)
  Requirement:            10.000ns  (clk rise@10.000ns - clk rise@0.000ns)
  Data Path Delay:        1.960ns  (logic 0.309ns (15.769%)  route 1.651ns (84.231%))
  Logic Levels:           1  (LUT3=1)
  Clock Path Skew:        0.059ns (DCD - SCD + CPR)
    Destination Clock Delay (DCD):    3.821ns = ( 13.821 - 10.000 ) 
    Source Clock Delay      (SCD):    4.046ns
    Clock Pessimism Removal (CPR):    0.283ns
  Clock Uncertainty:      0.035ns  ((TSJ^2 + TIJ^2)^1/2 + DJ) / 2 + PE
    Total System Jitter     (TSJ):    0.071ns
    Total Input Jitter      (TIJ):    0.000ns
    Discrete Jitter          (DJ):    0.000ns
    Phase Error              (PE):    0.000ns

    Location             Delay type                Incr(ns)  Path(ns)    Netlist Resource(s)
  -------------------------------------------------------------------    -------------------
                         (clock clk rise edge)        0.000     0.000 r  
    D23                                               0.000     0.000 r  clk (IN)
                         net (fo=0)                   0.000     0.000    clk
    D23                  IBUF (Prop_ibuf_I_O)         0.794     0.794 r  clk_IBUF_inst/O
                         net (fo=1, routed)           1.611     2.405    clk_IBUF
    BUFGCTRL_X0Y0        BUFG (Prop_bufg_I_O)         0.093     2.498 r  clk_IBUF_BUFG_inst/O
                         net (fo=840, routed)         1.548     4.046    GEN_RANK[4].GEN_BANK[9].u_bram_manager/clk
    SLICE_X58Y23         FDRE                                         r  GEN_RANK[4].GEN_BANK[9].u_bram_manager/req_valid_d_reg/C
  -------------------------------------------------------------------    -------------------
    SLICE_X58Y23         FDRE (Prop_fdre_C_Q)         0.259     4.305 r  GEN_RANK[4].GEN_BANK[9].u_bram_manager/req_valid_d_reg/Q
                         net (fo=2, routed)           0.475     4.780    GEN_RANK[4].GEN_BANK[9].u_bram_manager/req_valid_d
    SLICE_X59Y23         LUT3 (Prop_lut3_I2_O)        0.050     4.830 r  GEN_RANK[4].GEN_BANK[9].u_bram_manager/bram_reg_i_1/O
                         net (fo=1, routed)           1.176     6.006    GEN_RANK[4].GEN_BANK[9].u_bram_manager/bram_reg_i_1_n_0
    RAMB36_X5Y2          RAMB36E1                                     r  GEN_RANK[4].GEN_BANK[9].u_bram_manager/bram_reg/ENARDEN
  -------------------------------------------------------------------    -------------------

                         (clock clk rise edge)       10.000    10.000 r  
    D23                                               0.000    10.000 r  clk (IN)
                         net (fo=0)                   0.000    10.000    clk
    D23                  IBUF (Prop_ibuf_I_O)         0.719    10.719 r  clk_IBUF_inst/O
                         net (fo=1, routed)           1.503    12.222    clk_IBUF
    BUFGCTRL_X0Y0        BUFG (Prop_bufg_I_O)         0.083    12.305 r  clk_IBUF_BUFG_inst/O
                         net (fo=840, routed)         1.517    13.821    GEN_RANK[4].GEN_BANK[9].u_bram_manager/clk
    RAMB36_X5Y2          RAMB36E1                                     r  GEN_RANK[4].GEN_BANK[9].u_bram_manager/bram_reg/CLKARDCLK
                         clock pessimism              0.283    14.105    
                         clock uncertainty           -0.035    14.069    
    RAMB36_X5Y2          RAMB36E1 (Setup_ramb36e1_CLKARDCLK_ENARDEN)
                                                     -0.417    13.652    GEN_RANK[4].GEN_BANK[9].u_bram_manager/bram_reg
  -------------------------------------------------------------------
                         required time                         13.652    
                         arrival time                          -6.006    
  -------------------------------------------------------------------
                         slack                                  7.647    

Slack (MET) :             7.656ns  (required time - arrival time)
  Source:                 GEN_RANK[4].GEN_BANK[0].u_bram_manager/req_valid_d_reg/C
                            (rising edge-triggered cell FDRE clocked by clk  {rise@0.000ns fall@5.000ns period=10.000ns})
  Destination:            GEN_RANK[4].GEN_BANK[0].u_bram_manager/bram_reg/ENARDEN
                            (rising edge-triggered cell RAMB36E1 clocked by clk  {rise@0.000ns fall@5.000ns period=10.000ns})
  Path Group:             clk
  Path Type:              Setup (Max at Slow Process Corner)
  Requirement:            10.000ns  (clk rise@10.000ns - clk rise@0.000ns)
  Data Path Delay:        1.860ns  (logic 0.370ns (19.894%)  route 1.490ns (80.106%))
  Logic Levels:           1  (LUT3=1)
  Clock Path Skew:        -0.026ns (DCD - SCD + CPR)
    Destination Clock Delay (DCD):    3.823ns = ( 13.823 - 10.000 ) 
    Source Clock Delay      (SCD):    4.060ns
    Clock Pessimism Removal (CPR):    0.210ns
  Clock Uncertainty:      0.035ns  ((TSJ^2 + TIJ^2)^1/2 + DJ) / 2 + PE
    Total System Jitter     (TSJ):    0.071ns
    Total Input Jitter      (TIJ):    0.000ns
    Discrete Jitter          (DJ):    0.000ns
    Phase Error              (PE):    0.000ns

    Location             Delay type                Incr(ns)  Path(ns)    Netlist Resource(s)
  -------------------------------------------------------------------    -------------------
                         (clock clk rise edge)        0.000     0.000 r  
    D23                                               0.000     0.000 r  clk (IN)
                         net (fo=0)                   0.000     0.000    clk
    D23                  IBUF (Prop_ibuf_I_O)         0.794     0.794 r  clk_IBUF_inst/O
                         net (fo=1, routed)           1.611     2.405    clk_IBUF
    BUFGCTRL_X0Y0        BUFG (Prop_bufg_I_O)         0.093     2.498 r  clk_IBUF_BUFG_inst/O
                         net (fo=840, routed)         1.562     4.060    GEN_RANK[4].GEN_BANK[0].u_bram_manager/clk
    SLICE_X50Y16         FDRE                                         r  GEN_RANK[4].GEN_BANK[0].u_bram_manager/req_valid_d_reg/C
  -------------------------------------------------------------------    -------------------
    SLICE_X50Y16         FDRE (Prop_fdre_C_Q)         0.236     4.296 r  GEN_RANK[4].GEN_BANK[0].u_bram_manager/req_valid_d_reg/Q
                         net (fo=2, routed)           0.357     4.653    GEN_RANK[4].GEN_BANK[0].u_bram_manager/req_valid_d
    SLICE_X51Y16         LUT3 (Prop_lut3_I2_O)        0.134     4.787 r  GEN_RANK[4].GEN_BANK[0].u_bram_manager/bram_reg_i_1/O
                         net (fo=1, routed)           1.133     5.920    GEN_RANK[4].GEN_BANK[0].u_bram_manager/bram_reg_i_1_n_0
    RAMB36_X5Y1          RAMB36E1                                     r  GEN_RANK[4].GEN_BANK[0].u_bram_manager/bram_reg/ENARDEN
  -------------------------------------------------------------------    -------------------

                         (clock clk rise edge)       10.000    10.000 r  
    D23                                               0.000    10.000 r  clk (IN)
                         net (fo=0)                   0.000    10.000    clk
    D23                  IBUF (Prop_ibuf_I_O)         0.719    10.719 r  clk_IBUF_inst/O
                         net (fo=1, routed)           1.503    12.222    clk_IBUF
    BUFGCTRL_X0Y0        BUFG (Prop_bufg_I_O)         0.083    12.305 r  clk_IBUF_BUFG_inst/O
                         net (fo=840, routed)         1.519    13.823    GEN_RANK[4].GEN_BANK[0].u_bram_manager/clk
    RAMB36_X5Y1          RAMB36E1                                     r  GEN_RANK[4].GEN_BANK[0].u_bram_manager/bram_reg/CLKARDCLK
                         clock pessimism              0.210    14.034    
                         clock uncertainty           -0.035    13.998    
    RAMB36_X5Y1          RAMB36E1 (Setup_ramb36e1_CLKARDCLK_ENARDEN)
                                                     -0.422    13.576    GEN_RANK[4].GEN_BANK[0].u_bram_manager/bram_reg
  -------------------------------------------------------------------
                         required time                         13.576    
                         arrival time                          -5.920    
  -------------------------------------------------------------------
                         slack                                  7.656    

Slack (MET) :             7.707ns  (required time - arrival time)
  Source:                 GEN_RANK[3].GEN_BANK[9].u_bram_manager/req_valid_d_reg/C
                            (rising edge-triggered cell FDRE clocked by clk  {rise@0.000ns fall@5.000ns period=10.000ns})
  Destination:            GEN_RANK[3].GEN_BANK[9].u_bram_manager/bram_reg/ENARDEN
                            (rising edge-triggered cell RAMB36E1 clocked by clk  {rise@0.000ns fall@5.000ns period=10.000ns})
  Path Group:             clk
  Path Type:              Setup (Max at Slow Process Corner)
  Requirement:            10.000ns  (clk rise@10.000ns - clk rise@0.000ns)
  Data Path Delay:        1.879ns  (logic 0.310ns (16.499%)  route 1.569ns (83.501%))
  Logic Levels:           1  (LUT3=1)
  Clock Path Skew:        0.045ns (DCD - SCD + CPR)
    Destination Clock Delay (DCD):    3.827ns = ( 13.827 - 10.000 ) 
    Source Clock Delay      (SCD):    4.066ns
    Clock Pessimism Removal (CPR):    0.283ns
  Clock Uncertainty:      0.035ns  ((TSJ^2 + TIJ^2)^1/2 + DJ) / 2 + PE
    Total System Jitter     (TSJ):    0.071ns
    Total Input Jitter      (TIJ):    0.000ns
    Discrete Jitter          (DJ):    0.000ns
    Phase Error              (PE):    0.000ns

    Location             Delay type                Incr(ns)  Path(ns)    Netlist Resource(s)
  -------------------------------------------------------------------    -------------------
                         (clock clk rise edge)        0.000     0.000 r  
    D23                                               0.000     0.000 r  clk (IN)
                         net (fo=0)                   0.000     0.000    clk
    D23                  IBUF (Prop_ibuf_I_O)         0.794     0.794 r  clk_IBUF_inst/O
                         net (fo=1, routed)           1.611     2.405    clk_IBUF
    BUFGCTRL_X0Y0        BUFG (Prop_bufg_I_O)         0.093     2.498 r  clk_IBUF_BUFG_inst/O
                         net (fo=840, routed)         1.568     4.066    GEN_RANK[3].GEN_BANK[9].u_bram_manager/clk
    SLICE_X46Y16         FDRE                                         r  GEN_RANK[3].GEN_BANK[9].u_bram_manager/req_valid_d_reg/C
  -------------------------------------------------------------------    -------------------
    SLICE_X46Y16         FDRE (Prop_fdre_C_Q)         0.259     4.325 r  GEN_RANK[3].GEN_BANK[9].u_bram_manager/req_valid_d_reg/Q
                         net (fo=2, routed)           0.453     4.778    GEN_RANK[3].GEN_BANK[9].u_bram_manager/req_valid_d
    SLICE_X46Y16         LUT3 (Prop_lut3_I2_O)        0.051     4.829 r  GEN_RANK[3].GEN_BANK[9].u_bram_manager/bram_reg_i_1/O
                         net (fo=1, routed)           1.116     5.945    GEN_RANK[3].GEN_BANK[9].u_bram_manager/bram_reg_i_1_n_0
    RAMB36_X0Y0          RAMB36E1                                     r  GEN_RANK[3].GEN_BANK[9].u_bram_manager/bram_reg/ENARDEN
  -------------------------------------------------------------------    -------------------

                         (clock clk rise edge)       10.000    10.000 r  
    D23                                               0.000    10.000 r  clk (IN)
                         net (fo=0)                   0.000    10.000    clk
    D23                  IBUF (Prop_ibuf_I_O)         0.719    10.719 r  clk_IBUF_inst/O
                         net (fo=1, routed)           1.503    12.222    clk_IBUF
    BUFGCTRL_X0Y0        BUFG (Prop_bufg_I_O)         0.083    12.305 r  clk_IBUF_BUFG_inst/O
                         net (fo=840, routed)         1.523    13.827    GEN_RANK[3].GEN_BANK[9].u_bram_manager/clk
    RAMB36_X0Y0          RAMB36E1                                     r  GEN_RANK[3].GEN_BANK[9].u_bram_manager/bram_reg/CLKARDCLK
                         clock pessimism              0.283    14.111    
                         clock uncertainty           -0.035    14.075    
    RAMB36_X0Y0          RAMB36E1 (Setup_ramb36e1_CLKARDCLK_ENARDEN)
                                                     -0.423    13.652    GEN_RANK[3].GEN_BANK[9].u_bram_manager/bram_reg
  -------------------------------------------------------------------
                         required time                         13.652    
                         arrival time                          -5.945    
  -------------------------------------------------------------------
                         slack                                  7.707    

Slack (MET) :             7.812ns  (required time - arrival time)
  Source:                 GEN_RANK[0].GEN_BANK[0].u_bram_manager/req_write_d_reg/C
                            (rising edge-triggered cell FDRE clocked by clk  {rise@0.000ns fall@5.000ns period=10.000ns})
  Destination:            GEN_RANK[0].GEN_BANK[0].u_bram_manager/bram_reg/ENARDEN
                            (rising edge-triggered cell RAMB36E1 clocked by clk  {rise@0.000ns fall@5.000ns period=10.000ns})
  Path Group:             clk
  Path Type:              Setup (Max at Slow Process Corner)
  Requirement:            10.000ns  (clk rise@10.000ns - clk rise@0.000ns)
  Data Path Delay:        1.560ns  (logic 0.302ns (19.358%)  route 1.258ns (80.642%))
  Logic Levels:           1  (LUT3=1)
  Clock Path Skew:        -0.264ns (DCD - SCD + CPR)
    Destination Clock Delay (DCD):    3.598ns = ( 13.598 - 10.000 ) 
    Source Clock Delay      (SCD):    4.071ns
    Clock Pessimism Removal (CPR):    0.208ns
  Clock Uncertainty:      0.035ns  ((TSJ^2 + TIJ^2)^1/2 + DJ) / 2 + PE
    Total System Jitter     (TSJ):    0.071ns
    Total Input Jitter      (TIJ):    0.000ns
    Discrete Jitter          (DJ):    0.000ns
    Phase Error              (PE):    0.000ns

    Location             Delay type                Incr(ns)  Path(ns)    Netlist Resource(s)
  -------------------------------------------------------------------    -------------------
                         (clock clk rise edge)        0.000     0.000 r  
    D23                                               0.000     0.000 r  clk (IN)
                         net (fo=0)                   0.000     0.000    clk
    D23                  IBUF (Prop_ibuf_I_O)         0.794     0.794 r  clk_IBUF_inst/O
                         net (fo=1, routed)           1.611     2.405    clk_IBUF
    BUFGCTRL_X0Y0        BUFG (Prop_bufg_I_O)         0.093     2.498 r  clk_IBUF_BUFG_inst/O
                         net (fo=840, routed)         1.573     4.071    GEN_RANK[0].GEN_BANK[0].u_bram_manager/clk
    SLICE_X44Y37         FDRE                                         r  GEN_RANK[0].GEN_BANK[0].u_bram_manager/req_write_d_reg/C
  -------------------------------------------------------------------    -------------------
    SLICE_X44Y37         FDRE (Prop_fdre_C_Q)         0.259     4.330 f  GEN_RANK[0].GEN_BANK[0].u_bram_manager/req_write_d_reg/Q
                         net (fo=2, routed)           0.363     4.693    GEN_RANK[0].GEN_BANK[0].u_bram_manager/req_write_d
    SLICE_X44Y37         LUT3 (Prop_lut3_I1_O)        0.043     4.736 r  GEN_RANK[0].GEN_BANK[0].u_bram_manager/bram_reg_i_1/O
                         net (fo=1, routed)           0.895     5.631    GEN_RANK[0].GEN_BANK[0].u_bram_manager/bram_reg_i_1_n_0
    RAMB36_X2Y12         RAMB36E1                                     r  GEN_RANK[0].GEN_BANK[0].u_bram_manager/bram_reg/ENARDEN
  -------------------------------------------------------------------    -------------------

                         (clock clk rise edge)       10.000    10.000 r  
    D23                                               0.000    10.000 r  clk (IN)
                         net (fo=0)                   0.000    10.000    clk
    D23                  IBUF (Prop_ibuf_I_O)         0.719    10.719 r  clk_IBUF_inst/O
                         net (fo=1, routed)           1.503    12.222    clk_IBUF
    BUFGCTRL_X0Y0        BUFG (Prop_bufg_I_O)         0.083    12.305 r  clk_IBUF_BUFG_inst/O
                         net (fo=840, routed)         1.294    13.598    GEN_RANK[0].GEN_BANK[0].u_bram_manager/clk
    RAMB36_X2Y12         RAMB36E1                                     r  GEN_RANK[0].GEN_BANK[0].u_bram_manager/bram_reg/CLKARDCLK
                         clock pessimism              0.208    13.807    
                         clock uncertainty           -0.035    13.771    
    RAMB36_X2Y12         RAMB36E1 (Setup_ramb36e1_CLKARDCLK_ENARDEN)
                                                     -0.328    13.443    GEN_RANK[0].GEN_BANK[0].u_bram_manager/bram_reg
  -------------------------------------------------------------------
                         required time                         13.443    
                         arrival time                          -5.631    
  -------------------------------------------------------------------
                         slack                                  7.812    

Slack (MET) :             7.827ns  (required time - arrival time)
  Source:                 GEN_RANK[2].GEN_BANK[0].u_bram_manager/req_valid_d_reg/C
                            (rising edge-triggered cell FDRE clocked by clk  {rise@0.000ns fall@5.000ns period=10.000ns})
  Destination:            GEN_RANK[2].GEN_BANK[0].u_bram_manager/bram_reg/ENARDEN
                            (rising edge-triggered cell RAMB36E1 clocked by clk  {rise@0.000ns fall@5.000ns period=10.000ns})
  Path Group:             clk
  Path Type:              Setup (Max at Slow Process Corner)
  Requirement:            10.000ns  (clk rise@10.000ns - clk rise@0.000ns)
  Data Path Delay:        1.669ns  (logic 0.340ns (20.373%)  route 1.329ns (79.627%))
  Logic Levels:           1  (LUT3=1)
  Clock Path Skew:        -0.045ns (DCD - SCD + CPR)
    Destination Clock Delay (DCD):    3.816ns = ( 13.816 - 10.000 ) 
    Source Clock Delay      (SCD):    4.072ns
    Clock Pessimism Removal (CPR):    0.210ns
  Clock Uncertainty:      0.035ns  ((TSJ^2 + TIJ^2)^1/2 + DJ) / 2 + PE
    Total System Jitter     (TSJ):    0.071ns
    Total Input Jitter      (TIJ):    0.000ns
    Discrete Jitter          (DJ):    0.000ns
    Phase Error              (PE):    0.000ns

    Location             Delay type                Incr(ns)  Path(ns)    Netlist Resource(s)
  -------------------------------------------------------------------    -------------------
                         (clock clk rise edge)        0.000     0.000 r  
    D23                                               0.000     0.000 r  clk (IN)
                         net (fo=0)                   0.000     0.000    clk
    D23                  IBUF (Prop_ibuf_I_O)         0.794     0.794 r  clk_IBUF_inst/O
                         net (fo=1, routed)           1.611     2.405    clk_IBUF
    BUFGCTRL_X0Y0        BUFG (Prop_bufg_I_O)         0.093     2.498 r  clk_IBUF_BUFG_inst/O
                         net (fo=840, routed)         1.574     4.072    GEN_RANK[2].GEN_BANK[0].u_bram_manager/clk
    SLICE_X43Y37         FDRE                                         r  GEN_RANK[2].GEN_BANK[0].u_bram_manager/req_valid_d_reg/C
  -------------------------------------------------------------------    -------------------
    SLICE_X43Y37         FDRE (Prop_fdre_C_Q)         0.204     4.276 r  GEN_RANK[2].GEN_BANK[0].u_bram_manager/req_valid_d_reg/Q
                         net (fo=2, routed)           0.460     4.736    GEN_RANK[2].GEN_BANK[0].u_bram_manager/req_valid_d
    SLICE_X44Y37         LUT3 (Prop_lut3_I2_O)        0.136     4.872 r  GEN_RANK[2].GEN_BANK[0].u_bram_manager/bram_reg_i_1/O
                         net (fo=1, routed)           0.869     5.741    GEN_RANK[2].GEN_BANK[0].u_bram_manager/bram_reg_i_1_n_0
    RAMB36_X4Y7          RAMB36E1                                     r  GEN_RANK[2].GEN_BANK[0].u_bram_manager/bram_reg/ENARDEN
  -------------------------------------------------------------------    -------------------

                         (clock clk rise edge)       10.000    10.000 r  
    D23                                               0.000    10.000 r  clk (IN)
                         net (fo=0)                   0.000    10.000    clk
    D23                  IBUF (Prop_ibuf_I_O)         0.719    10.719 r  clk_IBUF_inst/O
                         net (fo=1, routed)           1.503    12.222    clk_IBUF
    BUFGCTRL_X0Y0        BUFG (Prop_bufg_I_O)         0.083    12.305 r  clk_IBUF_BUFG_inst/O
                         net (fo=840, routed)         1.512    13.816    GEN_RANK[2].GEN_BANK[0].u_bram_manager/clk
    RAMB36_X4Y7          RAMB36E1                                     r  GEN_RANK[2].GEN_BANK[0].u_bram_manager/bram_reg/CLKARDCLK
                         clock pessimism              0.210    14.027    
                         clock uncertainty           -0.035    13.991    
    RAMB36_X4Y7          RAMB36E1 (Setup_ramb36e1_CLKARDCLK_ENARDEN)
                                                     -0.423    13.568    GEN_RANK[2].GEN_BANK[0].u_bram_manager/bram_reg
  -------------------------------------------------------------------
                         required time                         13.568    
                         arrival time                          -5.741    
  -------------------------------------------------------------------
                         slack                                  7.827    

Slack (MET) :             7.836ns  (required time - arrival time)
  Source:                 GEN_RANK[4].GEN_BANK[8].u_bram_manager/req_valid_d_reg/C
                            (rising edge-triggered cell FDRE clocked by clk  {rise@0.000ns fall@5.000ns period=10.000ns})
  Destination:            GEN_RANK[4].GEN_BANK[8].u_bram_manager/bram_reg/ENARDEN
                            (rising edge-triggered cell RAMB36E1 clocked by clk  {rise@0.000ns fall@5.000ns period=10.000ns})
  Path Group:             clk
  Path Type:              Setup (Max at Slow Process Corner)
  Requirement:            10.000ns  (clk rise@10.000ns - clk rise@0.000ns)
  Data Path Delay:        1.764ns  (logic 0.369ns (20.917%)  route 1.395ns (79.083%))
  Logic Levels:           1  (LUT3=1)
  Clock Path Skew:        0.056ns (DCD - SCD + CPR)
    Destination Clock Delay (DCD):    3.818ns = ( 13.818 - 10.000 ) 
    Source Clock Delay      (SCD):    4.046ns
    Clock Pessimism Removal (CPR):    0.283ns
  Clock Uncertainty:      0.035ns  ((TSJ^2 + TIJ^2)^1/2 + DJ) / 2 + PE
    Total System Jitter     (TSJ):    0.071ns
    Total Input Jitter      (TIJ):    0.000ns
    Discrete Jitter          (DJ):    0.000ns
    Phase Error              (PE):    0.000ns

    Location             Delay type                Incr(ns)  Path(ns)    Netlist Resource(s)
  -------------------------------------------------------------------    -------------------
                         (clock clk rise edge)        0.000     0.000 r  
    D23                                               0.000     0.000 r  clk (IN)
                         net (fo=0)                   0.000     0.000    clk
    D23                  IBUF (Prop_ibuf_I_O)         0.794     0.794 r  clk_IBUF_inst/O
                         net (fo=1, routed)           1.611     2.405    clk_IBUF
    BUFGCTRL_X0Y0        BUFG (Prop_bufg_I_O)         0.093     2.498 r  clk_IBUF_BUFG_inst/O
                         net (fo=840, routed)         1.548     4.046    GEN_RANK[4].GEN_BANK[8].u_bram_manager/clk
    SLICE_X58Y23         FDRE                                         r  GEN_RANK[4].GEN_BANK[8].u_bram_manager/req_valid_d_reg/C
  -------------------------------------------------------------------    -------------------
    SLICE_X58Y23         FDRE (Prop_fdre_C_Q)         0.236     4.282 r  GEN_RANK[4].GEN_BANK[8].u_bram_manager/req_valid_d_reg/Q
                         net (fo=2, routed)           0.358     4.640    GEN_RANK[4].GEN_BANK[8].u_bram_manager/req_valid_d
    SLICE_X59Y23         LUT3 (Prop_lut3_I2_O)        0.133     4.773 r  GEN_RANK[4].GEN_BANK[8].u_bram_manager/bram_reg_i_1/O
                         net (fo=1, routed)           1.038     5.810    GEN_RANK[4].GEN_BANK[8].u_bram_manager/bram_reg_i_1_n_0
    RAMB36_X4Y1          RAMB36E1                                     r  GEN_RANK[4].GEN_BANK[8].u_bram_manager/bram_reg/ENARDEN
  -------------------------------------------------------------------    -------------------

                         (clock clk rise edge)       10.000    10.000 r  
    D23                                               0.000    10.000 r  clk (IN)
                         net (fo=0)                   0.000    10.000    clk
    D23                  IBUF (Prop_ibuf_I_O)         0.719    10.719 r  clk_IBUF_inst/O
                         net (fo=1, routed)           1.503    12.222    clk_IBUF
    BUFGCTRL_X0Y0        BUFG (Prop_bufg_I_O)         0.083    12.305 r  clk_IBUF_BUFG_inst/O
                         net (fo=840, routed)         1.514    13.818    GEN_RANK[4].GEN_BANK[8].u_bram_manager/clk
    RAMB36_X4Y1          RAMB36E1                                     r  GEN_RANK[4].GEN_BANK[8].u_bram_manager/bram_reg/CLKARDCLK
                         clock pessimism              0.283    14.102    
                         clock uncertainty           -0.035    14.066    
    RAMB36_X4Y1          RAMB36E1 (Setup_ramb36e1_CLKARDCLK_ENARDEN)
                                                     -0.420    13.646    GEN_RANK[4].GEN_BANK[8].u_bram_manager/bram_reg
  -------------------------------------------------------------------
                         required time                         13.646    
                         arrival time                          -5.810    
  -------------------------------------------------------------------
                         slack                                  7.836    

Slack (MET) :             7.902ns  (required time - arrival time)
  Source:                 GEN_RANK[0].GEN_BANK[4].u_bram_manager/req_write_d_reg/C
                            (rising edge-triggered cell FDRE clocked by clk  {rise@0.000ns fall@5.000ns period=10.000ns})
  Destination:            GEN_RANK[0].GEN_BANK[4].u_bram_manager/bram_reg/ENARDEN
                            (rising edge-triggered cell RAMB36E1 clocked by clk  {rise@0.000ns fall@5.000ns period=10.000ns})
  Path Group:             clk
  Path Type:              Setup (Max at Slow Process Corner)
  Requirement:            10.000ns  (clk rise@10.000ns - clk rise@0.000ns)
  Data Path Delay:        1.619ns  (logic 0.334ns (20.628%)  route 1.285ns (79.372%))
  Logic Levels:           1  (LUT3=1)
  Clock Path Skew:        -0.026ns (DCD - SCD + CPR)
    Destination Clock Delay (DCD):    3.600ns = ( 13.600 - 10.000 ) 
    Source Clock Delay      (SCD):    3.908ns
    Clock Pessimism Removal (CPR):    0.281ns
  Clock Uncertainty:      0.035ns  ((TSJ^2 + TIJ^2)^1/2 + DJ) / 2 + PE
    Total System Jitter     (TSJ):    0.071ns
    Total Input Jitter      (TIJ):    0.000ns
    Discrete Jitter          (DJ):    0.000ns
    Phase Error              (PE):    0.000ns

    Location             Delay type                Incr(ns)  Path(ns)    Netlist Resource(s)
  -------------------------------------------------------------------    -------------------
                         (clock clk rise edge)        0.000     0.000 r  
    D23                                               0.000     0.000 r  clk (IN)
                         net (fo=0)                   0.000     0.000    clk
    D23                  IBUF (Prop_ibuf_I_O)         0.794     0.794 r  clk_IBUF_inst/O
                         net (fo=1, routed)           1.611     2.405    clk_IBUF
    BUFGCTRL_X0Y0        BUFG (Prop_bufg_I_O)         0.093     2.498 r  clk_IBUF_BUFG_inst/O
                         net (fo=840, routed)         1.410     3.908    GEN_RANK[0].GEN_BANK[4].u_bram_manager/clk
    SLICE_X26Y51         FDRE                                         r  GEN_RANK[0].GEN_BANK[4].u_bram_manager/req_write_d_reg/C
  -------------------------------------------------------------------    -------------------
    SLICE_X26Y51         FDRE (Prop_fdre_C_Q)         0.204     4.112 f  GEN_RANK[0].GEN_BANK[4].u_bram_manager/req_write_d_reg/Q
                         net (fo=2, routed)           0.472     4.584    GEN_RANK[0].GEN_BANK[4].u_bram_manager/req_write_d
    SLICE_X26Y51         LUT3 (Prop_lut3_I1_O)        0.130     4.714 r  GEN_RANK[0].GEN_BANK[4].u_bram_manager/bram_reg_i_1/O
                         net (fo=1, routed)           0.813     5.527    GEN_RANK[0].GEN_BANK[4].u_bram_manager/bram_reg_i_1_n_0
    RAMB36_X2Y11         RAMB36E1                                     r  GEN_RANK[0].GEN_BANK[4].u_bram_manager/bram_reg/ENARDEN
  -------------------------------------------------------------------    -------------------

                         (clock clk rise edge)       10.000    10.000 r  
    D23                                               0.000    10.000 r  clk (IN)
                         net (fo=0)                   0.000    10.000    clk
    D23                  IBUF (Prop_ibuf_I_O)         0.719    10.719 r  clk_IBUF_inst/O
                         net (fo=1, routed)           1.503    12.222    clk_IBUF
    BUFGCTRL_X0Y0        BUFG (Prop_bufg_I_O)         0.083    12.305 r  clk_IBUF_BUFG_inst/O
                         net (fo=840, routed)         1.296    13.600    GEN_RANK[0].GEN_BANK[4].u_bram_manager/clk
    RAMB36_X2Y11         RAMB36E1                                     r  GEN_RANK[0].GEN_BANK[4].u_bram_manager/bram_reg/CLKARDCLK
                         clock pessimism              0.281    13.882    
                         clock uncertainty           -0.035    13.846    
    RAMB36_X2Y11         RAMB36E1 (Setup_ramb36e1_CLKARDCLK_ENARDEN)
                                                     -0.417    13.429    GEN_RANK[0].GEN_BANK[4].u_bram_manager/bram_reg
  -------------------------------------------------------------------
                         required time                         13.429    
                         arrival time                          -5.527    
  -------------------------------------------------------------------
                         slack                                  7.902    

Slack (MET) :             7.979ns  (required time - arrival time)
  Source:                 GEN_RANK[0].GEN_BANK[9].u_bram_manager/req_valid_d_reg/C
                            (rising edge-triggered cell FDRE clocked by clk  {rise@0.000ns fall@5.000ns period=10.000ns})
  Destination:            GEN_RANK[0].GEN_BANK[9].u_bram_manager/bram_reg/ENARDEN
                            (rising edge-triggered cell RAMB36E1 clocked by clk  {rise@0.000ns fall@5.000ns period=10.000ns})
  Path Group:             clk
  Path Type:              Setup (Max at Slow Process Corner)
  Requirement:            10.000ns  (clk rise@10.000ns - clk rise@0.000ns)
  Data Path Delay:        1.588ns  (logic 0.359ns (22.613%)  route 1.229ns (77.387%))
  Logic Levels:           1  (LUT3=1)
  Clock Path Skew:        -0.070ns (DCD - SCD + CPR)
    Destination Clock Delay (DCD):    3.602ns = ( 13.602 - 10.000 ) 
    Source Clock Delay      (SCD):    3.954ns
    Clock Pessimism Removal (CPR):    0.281ns
  Clock Uncertainty:      0.035ns  ((TSJ^2 + TIJ^2)^1/2 + DJ) / 2 + PE
    Total System Jitter     (TSJ):    0.071ns
    Total Input Jitter      (TIJ):    0.000ns
    Discrete Jitter          (DJ):    0.000ns
    Phase Error              (PE):    0.000ns

    Location             Delay type                Incr(ns)  Path(ns)    Netlist Resource(s)
  -------------------------------------------------------------------    -------------------
                         (clock clk rise edge)        0.000     0.000 r  
    D23                                               0.000     0.000 r  clk (IN)
                         net (fo=0)                   0.000     0.000    clk
    D23                  IBUF (Prop_ibuf_I_O)         0.794     0.794 r  clk_IBUF_inst/O
                         net (fo=1, routed)           1.611     2.405    clk_IBUF
    BUFGCTRL_X0Y0        BUFG (Prop_bufg_I_O)         0.093     2.498 r  clk_IBUF_BUFG_inst/O
                         net (fo=840, routed)         1.456     3.954    GEN_RANK[0].GEN_BANK[9].u_bram_manager/clk
    SLICE_X18Y51         FDRE                                         r  GEN_RANK[0].GEN_BANK[9].u_bram_manager/req_valid_d_reg/C
  -------------------------------------------------------------------    -------------------
    SLICE_X18Y51         FDRE (Prop_fdre_C_Q)         0.236     4.190 r  GEN_RANK[0].GEN_BANK[9].u_bram_manager/req_valid_d_reg/Q
                         net (fo=2, routed)           0.357     4.547    GEN_RANK[0].GEN_BANK[9].u_bram_manager/req_valid_d
    SLICE_X19Y51         LUT3 (Prop_lut3_I2_O)        0.123     4.670 r  GEN_RANK[0].GEN_BANK[9].u_bram_manager/bram_reg_i_1/O
                         net (fo=1, routed)           0.872     5.542    GEN_RANK[0].GEN_BANK[9].u_bram_manager/bram_reg_i_1_n_0
    RAMB36_X2Y10         RAMB36E1                                     r  GEN_RANK[0].GEN_BANK[9].u_bram_manager/bram_reg/ENARDEN
  -------------------------------------------------------------------    -------------------

                         (clock clk rise edge)       10.000    10.000 r  
    D23                                               0.000    10.000 r  clk (IN)
                         net (fo=0)                   0.000    10.000    clk
    D23                  IBUF (Prop_ibuf_I_O)         0.719    10.719 r  clk_IBUF_inst/O
                         net (fo=1, routed)           1.503    12.222    clk_IBUF
    BUFGCTRL_X0Y0        BUFG (Prop_bufg_I_O)         0.083    12.305 r  clk_IBUF_BUFG_inst/O
                         net (fo=840, routed)         1.298    13.602    GEN_RANK[0].GEN_BANK[9].u_bram_manager/clk
    RAMB36_X2Y10         RAMB36E1                                     r  GEN_RANK[0].GEN_BANK[9].u_bram_manager/bram_reg/CLKARDCLK
                         clock pessimism              0.281    13.884    
                         clock uncertainty           -0.035    13.848    
    RAMB36_X2Y10         RAMB36E1 (Setup_ramb36e1_CLKARDCLK_ENARDEN)
                                                     -0.328    13.520    GEN_RANK[0].GEN_BANK[9].u_bram_manager/bram_reg
  -------------------------------------------------------------------
                         required time                         13.520    
                         arrival time                          -5.542    
  -------------------------------------------------------------------
                         slack                                  7.979    

Slack (MET) :             7.994ns  (required time - arrival time)
  Source:                 GEN_RANK[2].GEN_BANK[10].u_bram_manager/req_write_d_reg/C
                            (rising edge-triggered cell FDRE clocked by clk  {rise@0.000ns fall@5.000ns period=10.000ns})
  Destination:            GEN_RANK[2].GEN_BANK[10].u_bram_manager/bram_reg/ENARDEN
                            (rising edge-triggered cell RAMB36E1 clocked by clk  {rise@0.000ns fall@5.000ns period=10.000ns})
  Path Group:             clk
  Path Type:              Setup (Max at Slow Process Corner)
  Requirement:            10.000ns  (clk rise@10.000ns - clk rise@0.000ns)
  Data Path Delay:        1.379ns  (logic 0.302ns (21.907%)  route 1.077ns (78.093%))
  Logic Levels:           1  (LUT3=1)
  Clock Path Skew:        -0.264ns (DCD - SCD + CPR)
    Destination Clock Delay (DCD):    3.595ns = ( 13.595 - 10.000 ) 
    Source Clock Delay      (SCD):    4.068ns
    Clock Pessimism Removal (CPR):    0.208ns
  Clock Uncertainty:      0.035ns  ((TSJ^2 + TIJ^2)^1/2 + DJ) / 2 + PE
    Total System Jitter     (TSJ):    0.071ns
    Total Input Jitter      (TIJ):    0.000ns
    Discrete Jitter          (DJ):    0.000ns
    Phase Error              (PE):    0.000ns

    Location             Delay type                Incr(ns)  Path(ns)    Netlist Resource(s)
  -------------------------------------------------------------------    -------------------
                         (clock clk rise edge)        0.000     0.000 r  
    D23                                               0.000     0.000 r  clk (IN)
                         net (fo=0)                   0.000     0.000    clk
    D23                  IBUF (Prop_ibuf_I_O)         0.794     0.794 r  clk_IBUF_inst/O
                         net (fo=1, routed)           1.611     2.405    clk_IBUF
    BUFGCTRL_X0Y0        BUFG (Prop_bufg_I_O)         0.093     2.498 r  clk_IBUF_BUFG_inst/O
                         net (fo=840, routed)         1.570     4.068    GEN_RANK[2].GEN_BANK[10].u_bram_manager/clk
    SLICE_X62Y43         FDRE                                         r  GEN_RANK[2].GEN_BANK[10].u_bram_manager/req_write_d_reg/C
  -------------------------------------------------------------------    -------------------
    SLICE_X62Y43         FDRE (Prop_fdre_C_Q)         0.259     4.327 f  GEN_RANK[2].GEN_BANK[10].u_bram_manager/req_write_d_reg/Q
                         net (fo=2, routed)           0.448     4.775    GEN_RANK[2].GEN_BANK[10].u_bram_manager/req_write_d
    SLICE_X62Y44         LUT3 (Prop_lut3_I1_O)        0.043     4.818 r  GEN_RANK[2].GEN_BANK[10].u_bram_manager/bram_reg_i_1/O
                         net (fo=1, routed)           0.628     5.447    GEN_RANK[2].GEN_BANK[10].u_bram_manager/bram_reg_i_1_n_0
    RAMB36_X3Y11         RAMB36E1                                     r  GEN_RANK[2].GEN_BANK[10].u_bram_manager/bram_reg/ENARDEN
  -------------------------------------------------------------------    -------------------

                         (clock clk rise edge)       10.000    10.000 r  
    D23                                               0.000    10.000 r  clk (IN)
                         net (fo=0)                   0.000    10.000    clk
    D23                  IBUF (Prop_ibuf_I_O)         0.719    10.719 r  clk_IBUF_inst/O
                         net (fo=1, routed)           1.503    12.222    clk_IBUF
    BUFGCTRL_X0Y0        BUFG (Prop_bufg_I_O)         0.083    12.305 r  clk_IBUF_BUFG_inst/O
                         net (fo=840, routed)         1.291    13.595    GEN_RANK[2].GEN_BANK[10].u_bram_manager/clk
    RAMB36_X3Y11         RAMB36E1                                     r  GEN_RANK[2].GEN_BANK[10].u_bram_manager/bram_reg/CLKARDCLK
                         clock pessimism              0.208    13.804    
                         clock uncertainty           -0.035    13.768    
    RAMB36_X3Y11         RAMB36E1 (Setup_ramb36e1_CLKARDCLK_ENARDEN)
                                                     -0.328    13.440    GEN_RANK[2].GEN_BANK[10].u_bram_manager/bram_reg
  -------------------------------------------------------------------
                         required time                         13.440    
                         arrival time                          -5.447    
  -------------------------------------------------------------------
                         slack                                  7.994    





Min Delay Paths
--------------------------------------------------------------------------------------
Slack (MET) :             0.063ns  (arrival time - required time)
  Source:                 GEN_RANK[3].GEN_BANK[7].u_bram_manager/req_addr_d_reg[6]/C
                            (rising edge-triggered cell FDRE clocked by clk  {rise@0.000ns fall@5.000ns period=10.000ns})
  Destination:            GEN_RANK[3].GEN_BANK[7].u_bram_manager/bram_reg/ADDRARDADDR[12]
                            (rising edge-triggered cell RAMB36E1 clocked by clk  {rise@0.000ns fall@5.000ns period=10.000ns})
  Path Group:             clk
  Path Type:              Hold (Min at Fast Process Corner)
  Requirement:            0.000ns  (clk rise@0.000ns - clk rise@0.000ns)
  Data Path Delay:        0.289ns  (logic 0.100ns (34.586%)  route 0.189ns (65.414%))
  Logic Levels:           0  
  Clock Path Skew:        0.044ns (DCD - SCD - CPR)
    Destination Clock Delay (DCD):    2.101ns
    Source Clock Delay      (SCD):    1.515ns
    Clock Pessimism Removal (CPR):    0.542ns

    Location             Delay type                Incr(ns)  Path(ns)    Netlist Resource(s)
  -------------------------------------------------------------------    -------------------
                         (clock clk rise edge)        0.000     0.000 r  
    D23                                               0.000     0.000 r  clk (IN)
                         net (fo=0)                   0.000     0.000    clk
    D23                  IBUF (Prop_ibuf_I_O)         0.136     0.136 r  clk_IBUF_inst/O
                         net (fo=1, routed)           0.704     0.840    clk_IBUF
    BUFGCTRL_X0Y0        BUFG (Prop_bufg_I_O)         0.026     0.866 r  clk_IBUF_BUFG_inst/O
                         net (fo=840, routed)         0.649     1.515    GEN_RANK[3].GEN_BANK[7].u_bram_manager/clk
    SLICE_X49Y5          FDRE                                         r  GEN_RANK[3].GEN_BANK[7].u_bram_manager/req_addr_d_reg[6]/C
  -------------------------------------------------------------------    -------------------
    SLICE_X49Y5          FDRE (Prop_fdre_C_Q)         0.100     1.615 r  GEN_RANK[3].GEN_BANK[7].u_bram_manager/req_addr_d_reg[6]/Q
                         net (fo=1, routed)           0.189     1.804    GEN_RANK[3].GEN_BANK[7].u_bram_manager/req_addr_d[6]
    RAMB36_X2Y0          RAMB36E1                                     r  GEN_RANK[3].GEN_BANK[7].u_bram_manager/bram_reg/ADDRARDADDR[12]
  -------------------------------------------------------------------    -------------------

                         (clock clk rise edge)        0.000     0.000 r  
    D23                                               0.000     0.000 r  clk (IN)
                         net (fo=0)                   0.000     0.000    clk
    D23                  IBUF (Prop_ibuf_I_O)         0.384     0.384 r  clk_IBUF_inst/O
                         net (fo=1, routed)           0.769     1.153    clk_IBUF
    BUFGCTRL_X0Y0        BUFG (Prop_bufg_I_O)         0.030     1.183 r  clk_IBUF_BUFG_inst/O
                         net (fo=840, routed)         0.918     2.101    GEN_RANK[3].GEN_BANK[7].u_bram_manager/clk
    RAMB36_X2Y0          RAMB36E1                                     r  GEN_RANK[3].GEN_BANK[7].u_bram_manager/bram_reg/CLKARDCLK
                         clock pessimism             -0.542     1.558    
    RAMB36_X2Y0          RAMB36E1 (Hold_ramb36e1_CLKARDCLK_ADDRARDADDR[12])
                                                      0.183     1.741    GEN_RANK[3].GEN_BANK[7].u_bram_manager/bram_reg
  -------------------------------------------------------------------
                         required time                         -1.741    
                         arrival time                           1.804    
  -------------------------------------------------------------------
                         slack                                  0.063    

Slack (MET) :             0.063ns  (arrival time - required time)
  Source:                 GEN_RANK[3].GEN_BANK[9].u_bram_manager/req_addr_d_reg[6]/C
                            (rising edge-triggered cell FDRE clocked by clk  {rise@0.000ns fall@5.000ns period=10.000ns})
  Destination:            GEN_RANK[3].GEN_BANK[9].u_bram_manager/bram_reg/ADDRARDADDR[12]
                            (rising edge-triggered cell RAMB36E1 clocked by clk  {rise@0.000ns fall@5.000ns period=10.000ns})
  Path Group:             clk
  Path Type:              Hold (Min at Fast Process Corner)
  Requirement:            0.000ns  (clk rise@0.000ns - clk rise@0.000ns)
  Data Path Delay:        0.289ns  (logic 0.100ns (34.570%)  route 0.189ns (65.430%))
  Logic Levels:           0  
  Clock Path Skew:        0.044ns (DCD - SCD - CPR)
    Destination Clock Delay (DCD):    2.139ns
    Source Clock Delay      (SCD):    1.552ns
    Clock Pessimism Removal (CPR):    0.543ns

    Location             Delay type                Incr(ns)  Path(ns)    Netlist Resource(s)
  -------------------------------------------------------------------    -------------------
                         (clock clk rise edge)        0.000     0.000 r  
    D23                                               0.000     0.000 r  clk (IN)
                         net (fo=0)                   0.000     0.000    clk
    D23                  IBUF (Prop_ibuf_I_O)         0.136     0.136 r  clk_IBUF_inst/O
                         net (fo=1, routed)           0.704     0.840    clk_IBUF
    BUFGCTRL_X0Y0        BUFG (Prop_bufg_I_O)         0.026     0.866 r  clk_IBUF_BUFG_inst/O
                         net (fo=840, routed)         0.686     1.552    GEN_RANK[3].GEN_BANK[9].u_bram_manager/clk
    SLICE_X9Y5           FDRE                                         r  GEN_RANK[3].GEN_BANK[9].u_bram_manager/req_addr_d_reg[6]/C
  -------------------------------------------------------------------    -------------------
    SLICE_X9Y5           FDRE (Prop_fdre_C_Q)         0.100     1.652 r  GEN_RANK[3].GEN_BANK[9].u_bram_manager/req_addr_d_reg[6]/Q
                         net (fo=1, routed)           0.189     1.841    GEN_RANK[3].GEN_BANK[9].u_bram_manager/req_addr_d[6]
    RAMB36_X0Y0          RAMB36E1                                     r  GEN_RANK[3].GEN_BANK[9].u_bram_manager/bram_reg/ADDRARDADDR[12]
  -------------------------------------------------------------------    -------------------

                         (clock clk rise edge)        0.000     0.000 r  
    D23                                               0.000     0.000 r  clk (IN)
                         net (fo=0)                   0.000     0.000    clk
    D23                  IBUF (Prop_ibuf_I_O)         0.384     0.384 r  clk_IBUF_inst/O
                         net (fo=1, routed)           0.769     1.153    clk_IBUF
    BUFGCTRL_X0Y0        BUFG (Prop_bufg_I_O)         0.030     1.183 r  clk_IBUF_BUFG_inst/O
                         net (fo=840, routed)         0.956     2.139    GEN_RANK[3].GEN_BANK[9].u_bram_manager/clk
    RAMB36_X0Y0          RAMB36E1                                     r  GEN_RANK[3].GEN_BANK[9].u_bram_manager/bram_reg/CLKARDCLK
                         clock pessimism             -0.543     1.595    
    RAMB36_X0Y0          RAMB36E1 (Hold_ramb36e1_CLKARDCLK_ADDRARDADDR[12])
                                                      0.183     1.778    GEN_RANK[3].GEN_BANK[9].u_bram_manager/bram_reg
  -------------------------------------------------------------------
                         required time                         -1.778    
                         arrival time                           1.841    
  -------------------------------------------------------------------
                         slack                                  0.063    

Slack (MET) :             0.063ns  (arrival time - required time)
  Source:                 GEN_RANK[3].GEN_BANK[9].u_bram_manager/req_addr_d_reg[3]/C
                            (rising edge-triggered cell FDRE clocked by clk  {rise@0.000ns fall@5.000ns period=10.000ns})
  Destination:            GEN_RANK[3].GEN_BANK[9].u_bram_manager/bram_reg/ADDRARDADDR[9]
                            (rising edge-triggered cell RAMB36E1 clocked by clk  {rise@0.000ns fall@5.000ns period=10.000ns})
  Path Group:             clk
  Path Type:              Hold (Min at Fast Process Corner)
  Requirement:            0.000ns  (clk rise@0.000ns - clk rise@0.000ns)
  Data Path Delay:        0.289ns  (logic 0.100ns (34.570%)  route 0.189ns (65.430%))
  Logic Levels:           0  
  Clock Path Skew:        0.044ns (DCD - SCD - CPR)
    Destination Clock Delay (DCD):    2.139ns
    Source Clock Delay      (SCD):    1.552ns
    Clock Pessimism Removal (CPR):    0.543ns

    Location             Delay type                Incr(ns)  Path(ns)    Netlist Resource(s)
  -------------------------------------------------------------------    -------------------
                         (clock clk rise edge)        0.000     0.000 r  
    D23                                               0.000     0.000 r  clk (IN)
                         net (fo=0)                   0.000     0.000    clk
    D23                  IBUF (Prop_ibuf_I_O)         0.136     0.136 r  clk_IBUF_inst/O
                         net (fo=1, routed)           0.704     0.840    clk_IBUF
    BUFGCTRL_X0Y0        BUFG (Prop_bufg_I_O)         0.026     0.866 r  clk_IBUF_BUFG_inst/O
                         net (fo=840, routed)         0.686     1.552    GEN_RANK[3].GEN_BANK[9].u_bram_manager/clk
    SLICE_X9Y5           FDRE                                         r  GEN_RANK[3].GEN_BANK[9].u_bram_manager/req_addr_d_reg[3]/C
  -------------------------------------------------------------------    -------------------
    SLICE_X9Y5           FDRE (Prop_fdre_C_Q)         0.100     1.652 r  GEN_RANK[3].GEN_BANK[9].u_bram_manager/req_addr_d_reg[3]/Q
                         net (fo=1, routed)           0.189     1.841    GEN_RANK[3].GEN_BANK[9].u_bram_manager/req_addr_d[3]
    RAMB36_X0Y0          RAMB36E1                                     r  GEN_RANK[3].GEN_BANK[9].u_bram_manager/bram_reg/ADDRARDADDR[9]
  -------------------------------------------------------------------    -------------------

                         (clock clk rise edge)        0.000     0.000 r  
    D23                                               0.000     0.000 r  clk (IN)
                         net (fo=0)                   0.000     0.000    clk
    D23                  IBUF (Prop_ibuf_I_O)         0.384     0.384 r  clk_IBUF_inst/O
                         net (fo=1, routed)           0.769     1.153    clk_IBUF
    BUFGCTRL_X0Y0        BUFG (Prop_bufg_I_O)         0.030     1.183 r  clk_IBUF_BUFG_inst/O
                         net (fo=840, routed)         0.956     2.139    GEN_RANK[3].GEN_BANK[9].u_bram_manager/clk
    RAMB36_X0Y0          RAMB36E1                                     r  GEN_RANK[3].GEN_BANK[9].u_bram_manager/bram_reg/CLKARDCLK
                         clock pessimism             -0.543     1.595    
    RAMB36_X0Y0          RAMB36E1 (Hold_ramb36e1_CLKARDCLK_ADDRARDADDR[9])
                                                      0.183     1.778    GEN_RANK[3].GEN_BANK[9].u_bram_manager/bram_reg
  -------------------------------------------------------------------
                         required time                         -1.778    
                         arrival time                           1.841    
  -------------------------------------------------------------------
                         slack                                  0.063    

Slack (MET) :             0.064ns  (arrival time - required time)
  Source:                 GEN_RANK[0].GEN_BANK[9].u_bram_manager/req_addr_d_reg[6]/C
                            (rising edge-triggered cell FDRE clocked by clk  {rise@0.000ns fall@5.000ns period=10.000ns})
  Destination:            GEN_RANK[0].GEN_BANK[9].u_bram_manager/bram_reg/ADDRARDADDR[12]
                            (rising edge-triggered cell RAMB36E1 clocked by clk  {rise@0.000ns fall@5.000ns period=10.000ns})
  Path Group:             clk
  Path Type:              Hold (Min at Fast Process Corner)
  Requirement:            0.000ns  (clk rise@0.000ns - clk rise@0.000ns)
  Data Path Delay:        0.290ns  (logic 0.100ns (34.492%)  route 0.190ns (65.508%))
  Logic Levels:           0  
  Clock Path Skew:        0.043ns (DCD - SCD - CPR)
    Destination Clock Delay (DCD):    2.029ns
    Source Clock Delay      (SCD):    1.464ns
    Clock Pessimism Removal (CPR):    0.522ns

    Location             Delay type                Incr(ns)  Path(ns)    Netlist Resource(s)
  -------------------------------------------------------------------    -------------------
                         (clock clk rise edge)        0.000     0.000 r  
    D23                                               0.000     0.000 r  clk (IN)
                         net (fo=0)                   0.000     0.000    clk
    D23                  IBUF (Prop_ibuf_I_O)         0.136     0.136 r  clk_IBUF_inst/O
                         net (fo=1, routed)           0.704     0.840    clk_IBUF
    BUFGCTRL_X0Y0        BUFG (Prop_bufg_I_O)         0.026     0.866 r  clk_IBUF_BUFG_inst/O
                         net (fo=840, routed)         0.598     1.464    GEN_RANK[0].GEN_BANK[9].u_bram_manager/clk
    SLICE_X48Y52         FDRE                                         r  GEN_RANK[0].GEN_BANK[9].u_bram_manager/req_addr_d_reg[6]/C
  -------------------------------------------------------------------    -------------------
    SLICE_X48Y52         FDRE (Prop_fdre_C_Q)         0.100     1.564 r  GEN_RANK[0].GEN_BANK[9].u_bram_manager/req_addr_d_reg[6]/Q
                         net (fo=1, routed)           0.190     1.754    GEN_RANK[0].GEN_BANK[9].u_bram_manager/req_addr_d[6]
    RAMB36_X2Y10         RAMB36E1                                     r  GEN_RANK[0].GEN_BANK[9].u_bram_manager/bram_reg/ADDRARDADDR[12]
  -------------------------------------------------------------------    -------------------

                         (clock clk rise edge)        0.000     0.000 r  
    D23                                               0.000     0.000 r  clk (IN)
                         net (fo=0)                   0.000     0.000    clk
    D23                  IBUF (Prop_ibuf_I_O)         0.384     0.384 r  clk_IBUF_inst/O
                         net (fo=1, routed)           0.769     1.153    clk_IBUF
    BUFGCTRL_X0Y0        BUFG (Prop_bufg_I_O)         0.030     1.183 r  clk_IBUF_BUFG_inst/O
                         net (fo=840, routed)         0.846     2.029    GEN_RANK[0].GEN_BANK[9].u_bram_manager/clk
    RAMB36_X2Y10         RAMB36E1                                     r  GEN_RANK[0].GEN_BANK[9].u_bram_manager/bram_reg/CLKARDCLK
                         clock pessimism             -0.522     1.506    
    RAMB36_X2Y10         RAMB36E1 (Hold_ramb36e1_CLKARDCLK_ADDRARDADDR[12])
                                                      0.183     1.689    GEN_RANK[0].GEN_BANK[9].u_bram_manager/bram_reg
  -------------------------------------------------------------------
                         required time                         -1.689    
                         arrival time                           1.754    
  -------------------------------------------------------------------
                         slack                                  0.064    

Slack (MET) :             0.065ns  (arrival time - required time)
  Source:                 GEN_RANK[3].GEN_BANK[7].u_bram_manager/req_addr_d_reg[5]/C
                            (rising edge-triggered cell FDRE clocked by clk  {rise@0.000ns fall@5.000ns period=10.000ns})
  Destination:            GEN_RANK[3].GEN_BANK[7].u_bram_manager/bram_reg/ADDRARDADDR[11]
                            (rising edge-triggered cell RAMB36E1 clocked by clk  {rise@0.000ns fall@5.000ns period=10.000ns})
  Path Group:             clk
  Path Type:              Hold (Min at Fast Process Corner)
  Requirement:            0.000ns  (clk rise@0.000ns - clk rise@0.000ns)
  Data Path Delay:        0.291ns  (logic 0.100ns (34.319%)  route 0.191ns (65.681%))
  Logic Levels:           0  
  Clock Path Skew:        0.044ns (DCD - SCD - CPR)
    Destination Clock Delay (DCD):    2.101ns
    Source Clock Delay      (SCD):    1.515ns
    Clock Pessimism Removal (CPR):    0.542ns

    Location             Delay type                Incr(ns)  Path(ns)    Netlist Resource(s)
  -------------------------------------------------------------------    -------------------
                         (clock clk rise edge)        0.000     0.000 r  
    D23                                               0.000     0.000 r  clk (IN)
                         net (fo=0)                   0.000     0.000    clk
    D23                  IBUF (Prop_ibuf_I_O)         0.136     0.136 r  clk_IBUF_inst/O
                         net (fo=1, routed)           0.704     0.840    clk_IBUF
    BUFGCTRL_X0Y0        BUFG (Prop_bufg_I_O)         0.026     0.866 r  clk_IBUF_BUFG_inst/O
                         net (fo=840, routed)         0.649     1.515    GEN_RANK[3].GEN_BANK[7].u_bram_manager/clk
    SLICE_X48Y3          FDRE                                         r  GEN_RANK[3].GEN_BANK[7].u_bram_manager/req_addr_d_reg[5]/C
  -------------------------------------------------------------------    -------------------
    SLICE_X48Y3          FDRE (Prop_fdre_C_Q)         0.100     1.615 r  GEN_RANK[3].GEN_BANK[7].u_bram_manager/req_addr_d_reg[5]/Q
                         net (fo=1, routed)           0.191     1.806    GEN_RANK[3].GEN_BANK[7].u_bram_manager/req_addr_d[5]
    RAMB36_X2Y0          RAMB36E1                                     r  GEN_RANK[3].GEN_BANK[7].u_bram_manager/bram_reg/ADDRARDADDR[11]
  -------------------------------------------------------------------    -------------------

                         (clock clk rise edge)        0.000     0.000 r  
    D23                                               0.000     0.000 r  clk (IN)
                         net (fo=0)                   0.000     0.000    clk
    D23                  IBUF (Prop_ibuf_I_O)         0.384     0.384 r  clk_IBUF_inst/O
                         net (fo=1, routed)           0.769     1.153    clk_IBUF
    BUFGCTRL_X0Y0        BUFG (Prop_bufg_I_O)         0.030     1.183 r  clk_IBUF_BUFG_inst/O
                         net (fo=840, routed)         0.918     2.101    GEN_RANK[3].GEN_BANK[7].u_bram_manager/clk
    RAMB36_X2Y0          RAMB36E1                                     r  GEN_RANK[3].GEN_BANK[7].u_bram_manager/bram_reg/CLKARDCLK
                         clock pessimism             -0.542     1.558    
    RAMB36_X2Y0          RAMB36E1 (Hold_ramb36e1_CLKARDCLK_ADDRARDADDR[11])
                                                      0.183     1.741    GEN_RANK[3].GEN_BANK[7].u_bram_manager/bram_reg
  -------------------------------------------------------------------
                         required time                         -1.741    
                         arrival time                           1.806    
  -------------------------------------------------------------------
                         slack                                  0.065    

Slack (MET) :             0.065ns  (arrival time - required time)
  Source:                 GEN_RANK[0].GEN_BANK[9].u_bram_manager/req_addr_d_reg[1]/C
                            (rising edge-triggered cell FDRE clocked by clk  {rise@0.000ns fall@5.000ns period=10.000ns})
  Destination:            GEN_RANK[0].GEN_BANK[9].u_bram_manager/bram_reg/ADDRARDADDR[7]
                            (rising edge-triggered cell RAMB36E1 clocked by clk  {rise@0.000ns fall@5.000ns period=10.000ns})
  Path Group:             clk
  Path Type:              Hold (Min at Fast Process Corner)
  Requirement:            0.000ns  (clk rise@0.000ns - clk rise@0.000ns)
  Data Path Delay:        0.291ns  (logic 0.100ns (34.387%)  route 0.191ns (65.612%))
  Logic Levels:           0  
  Clock Path Skew:        0.043ns (DCD - SCD - CPR)
    Destination Clock Delay (DCD):    2.029ns
    Source Clock Delay      (SCD):    1.464ns
    Clock Pessimism Removal (CPR):    0.522ns

    Location             Delay type                Incr(ns)  Path(ns)    Netlist Resource(s)
  -------------------------------------------------------------------    -------------------
                         (clock clk rise edge)        0.000     0.000 r  
    D23                                               0.000     0.000 r  clk (IN)
                         net (fo=0)                   0.000     0.000    clk
    D23                  IBUF (Prop_ibuf_I_O)         0.136     0.136 r  clk_IBUF_inst/O
                         net (fo=1, routed)           0.704     0.840    clk_IBUF
    BUFGCTRL_X0Y0        BUFG (Prop_bufg_I_O)         0.026     0.866 r  clk_IBUF_BUFG_inst/O
                         net (fo=840, routed)         0.598     1.464    GEN_RANK[0].GEN_BANK[9].u_bram_manager/clk
    SLICE_X48Y52         FDRE                                         r  GEN_RANK[0].GEN_BANK[9].u_bram_manager/req_addr_d_reg[1]/C
  -------------------------------------------------------------------    -------------------
    SLICE_X48Y52         FDRE (Prop_fdre_C_Q)         0.100     1.564 r  GEN_RANK[0].GEN_BANK[9].u_bram_manager/req_addr_d_reg[1]/Q
                         net (fo=1, routed)           0.191     1.755    GEN_RANK[0].GEN_BANK[9].u_bram_manager/req_addr_d[1]
    RAMB36_X2Y10         RAMB36E1                                     r  GEN_RANK[0].GEN_BANK[9].u_bram_manager/bram_reg/ADDRARDADDR[7]
  -------------------------------------------------------------------    -------------------

                         (clock clk rise edge)        0.000     0.000 r  
    D23                                               0.000     0.000 r  clk (IN)
                         net (fo=0)                   0.000     0.000    clk
    D23                  IBUF (Prop_ibuf_I_O)         0.384     0.384 r  clk_IBUF_inst/O
                         net (fo=1, routed)           0.769     1.153    clk_IBUF
    BUFGCTRL_X0Y0        BUFG (Prop_bufg_I_O)         0.030     1.183 r  clk_IBUF_BUFG_inst/O
                         net (fo=840, routed)         0.846     2.029    GEN_RANK[0].GEN_BANK[9].u_bram_manager/clk
    RAMB36_X2Y10         RAMB36E1                                     r  GEN_RANK[0].GEN_BANK[9].u_bram_manager/bram_reg/CLKARDCLK
                         clock pessimism             -0.522     1.506    
    RAMB36_X2Y10         RAMB36E1 (Hold_ramb36e1_CLKARDCLK_ADDRARDADDR[7])
                                                      0.183     1.689    GEN_RANK[0].GEN_BANK[9].u_bram_manager/bram_reg
  -------------------------------------------------------------------
                         required time                         -1.689    
                         arrival time                           1.755    
  -------------------------------------------------------------------
                         slack                                  0.065    

Slack (MET) :             0.066ns  (arrival time - required time)
  Source:                 GEN_RANK[3].GEN_BANK[7].u_bram_manager/req_addr_d_reg[2]/C
                            (rising edge-triggered cell FDRE clocked by clk  {rise@0.000ns fall@5.000ns period=10.000ns})
  Destination:            GEN_RANK[3].GEN_BANK[7].u_bram_manager/bram_reg/ADDRARDADDR[8]
                            (rising edge-triggered cell RAMB36E1 clocked by clk  {rise@0.000ns fall@5.000ns period=10.000ns})
  Path Group:             clk
  Path Type:              Hold (Min at Fast Process Corner)
  Requirement:            0.000ns  (clk rise@0.000ns - clk rise@0.000ns)
  Data Path Delay:        0.292ns  (logic 0.100ns (34.205%)  route 0.192ns (65.795%))
  Logic Levels:           0  
  Clock Path Skew:        0.044ns (DCD - SCD - CPR)
    Destination Clock Delay (DCD):    2.101ns
    Source Clock Delay      (SCD):    1.515ns
    Clock Pessimism Removal (CPR):    0.542ns

    Location             Delay type                Incr(ns)  Path(ns)    Netlist Resource(s)
  -------------------------------------------------------------------    -------------------
                         (clock clk rise edge)        0.000     0.000 r  
    D23                                               0.000     0.000 r  clk (IN)
                         net (fo=0)                   0.000     0.000    clk
    D23                  IBUF (Prop_ibuf_I_O)         0.136     0.136 r  clk_IBUF_inst/O
                         net (fo=1, routed)           0.704     0.840    clk_IBUF
    BUFGCTRL_X0Y0        BUFG (Prop_bufg_I_O)         0.026     0.866 r  clk_IBUF_BUFG_inst/O
                         net (fo=840, routed)         0.649     1.515    GEN_RANK[3].GEN_BANK[7].u_bram_manager/clk
    SLICE_X48Y3          FDRE                                         r  GEN_RANK[3].GEN_BANK[7].u_bram_manager/req_addr_d_reg[2]/C
  -------------------------------------------------------------------    -------------------
    SLICE_X48Y3          FDRE (Prop_fdre_C_Q)         0.100     1.615 r  GEN_RANK[3].GEN_BANK[7].u_bram_manager/req_addr_d_reg[2]/Q
                         net (fo=1, routed)           0.192     1.807    GEN_RANK[3].GEN_BANK[7].u_bram_manager/req_addr_d[2]
    RAMB36_X2Y0          RAMB36E1                                     r  GEN_RANK[3].GEN_BANK[7].u_bram_manager/bram_reg/ADDRARDADDR[8]
  -------------------------------------------------------------------    -------------------

                         (clock clk rise edge)        0.000     0.000 r  
    D23                                               0.000     0.000 r  clk (IN)
                         net (fo=0)                   0.000     0.000    clk
    D23                  IBUF (Prop_ibuf_I_O)         0.384     0.384 r  clk_IBUF_inst/O
                         net (fo=1, routed)           0.769     1.153    clk_IBUF
    BUFGCTRL_X0Y0        BUFG (Prop_bufg_I_O)         0.030     1.183 r  clk_IBUF_BUFG_inst/O
                         net (fo=840, routed)         0.918     2.101    GEN_RANK[3].GEN_BANK[7].u_bram_manager/clk
    RAMB36_X2Y0          RAMB36E1                                     r  GEN_RANK[3].GEN_BANK[7].u_bram_manager/bram_reg/CLKARDCLK
                         clock pessimism             -0.542     1.558    
    RAMB36_X2Y0          RAMB36E1 (Hold_ramb36e1_CLKARDCLK_ADDRARDADDR[8])
                                                      0.183     1.741    GEN_RANK[3].GEN_BANK[7].u_bram_manager/bram_reg
  -------------------------------------------------------------------
                         required time                         -1.741    
                         arrival time                           1.807    
  -------------------------------------------------------------------
                         slack                                  0.066    

Slack (MET) :             0.066ns  (arrival time - required time)
  Source:                 GEN_RANK[3].GEN_BANK[7].u_bram_manager/req_addr_d_reg[7]/C
                            (rising edge-triggered cell FDRE clocked by clk  {rise@0.000ns fall@5.000ns period=10.000ns})
  Destination:            GEN_RANK[3].GEN_BANK[7].u_bram_manager/bram_reg/ADDRARDADDR[13]
                            (rising edge-triggered cell RAMB36E1 clocked by clk  {rise@0.000ns fall@5.000ns period=10.000ns})
  Path Group:             clk
  Path Type:              Hold (Min at Fast Process Corner)
  Requirement:            0.000ns  (clk rise@0.000ns - clk rise@0.000ns)
  Data Path Delay:        0.292ns  (logic 0.100ns (34.191%)  route 0.192ns (65.809%))
  Logic Levels:           0  
  Clock Path Skew:        0.044ns (DCD - SCD - CPR)
    Destination Clock Delay (DCD):    2.101ns
    Source Clock Delay      (SCD):    1.515ns
    Clock Pessimism Removal (CPR):    0.542ns

    Location             Delay type                Incr(ns)  Path(ns)    Netlist Resource(s)
  -------------------------------------------------------------------    -------------------
                         (clock clk rise edge)        0.000     0.000 r  
    D23                                               0.000     0.000 r  clk (IN)
                         net (fo=0)                   0.000     0.000    clk
    D23                  IBUF (Prop_ibuf_I_O)         0.136     0.136 r  clk_IBUF_inst/O
                         net (fo=1, routed)           0.704     0.840    clk_IBUF
    BUFGCTRL_X0Y0        BUFG (Prop_bufg_I_O)         0.026     0.866 r  clk_IBUF_BUFG_inst/O
                         net (fo=840, routed)         0.649     1.515    GEN_RANK[3].GEN_BANK[7].u_bram_manager/clk
    SLICE_X48Y3          FDRE                                         r  GEN_RANK[3].GEN_BANK[7].u_bram_manager/req_addr_d_reg[7]/C
  -------------------------------------------------------------------    -------------------
    SLICE_X48Y3          FDRE (Prop_fdre_C_Q)         0.100     1.615 r  GEN_RANK[3].GEN_BANK[7].u_bram_manager/req_addr_d_reg[7]/Q
                         net (fo=1, routed)           0.192     1.807    GEN_RANK[3].GEN_BANK[7].u_bram_manager/req_addr_d[7]
    RAMB36_X2Y0          RAMB36E1                                     r  GEN_RANK[3].GEN_BANK[7].u_bram_manager/bram_reg/ADDRARDADDR[13]
  -------------------------------------------------------------------    -------------------

                         (clock clk rise edge)        0.000     0.000 r  
    D23                                               0.000     0.000 r  clk (IN)
                         net (fo=0)                   0.000     0.000    clk
    D23                  IBUF (Prop_ibuf_I_O)         0.384     0.384 r  clk_IBUF_inst/O
                         net (fo=1, routed)           0.769     1.153    clk_IBUF
    BUFGCTRL_X0Y0        BUFG (Prop_bufg_I_O)         0.030     1.183 r  clk_IBUF_BUFG_inst/O
                         net (fo=840, routed)         0.918     2.101    GEN_RANK[3].GEN_BANK[7].u_bram_manager/clk
    RAMB36_X2Y0          RAMB36E1                                     r  GEN_RANK[3].GEN_BANK[7].u_bram_manager/bram_reg/CLKARDCLK
                         clock pessimism             -0.542     1.558    
    RAMB36_X2Y0          RAMB36E1 (Hold_ramb36e1_CLKARDCLK_ADDRARDADDR[13])
                                                      0.183     1.741    GEN_RANK[3].GEN_BANK[7].u_bram_manager/bram_reg
  -------------------------------------------------------------------
                         required time                         -1.741    
                         arrival time                           1.807    
  -------------------------------------------------------------------
                         slack                                  0.066    

Slack (MET) :             0.066ns  (arrival time - required time)
  Source:                 GEN_RANK[0].GEN_BANK[9].u_bram_manager/req_addr_d_reg[7]/C
                            (rising edge-triggered cell FDRE clocked by clk  {rise@0.000ns fall@5.000ns period=10.000ns})
  Destination:            GEN_RANK[0].GEN_BANK[9].u_bram_manager/bram_reg/ADDRARDADDR[13]
                            (rising edge-triggered cell RAMB36E1 clocked by clk  {rise@0.000ns fall@5.000ns period=10.000ns})
  Path Group:             clk
  Path Type:              Hold (Min at Fast Process Corner)
  Requirement:            0.000ns  (clk rise@0.000ns - clk rise@0.000ns)
  Data Path Delay:        0.292ns  (logic 0.100ns (34.256%)  route 0.192ns (65.744%))
  Logic Levels:           0  
  Clock Path Skew:        0.043ns (DCD - SCD - CPR)
    Destination Clock Delay (DCD):    2.029ns
    Source Clock Delay      (SCD):    1.464ns
    Clock Pessimism Removal (CPR):    0.522ns

    Location             Delay type                Incr(ns)  Path(ns)    Netlist Resource(s)
  -------------------------------------------------------------------    -------------------
                         (clock clk rise edge)        0.000     0.000 r  
    D23                                               0.000     0.000 r  clk (IN)
                         net (fo=0)                   0.000     0.000    clk
    D23                  IBUF (Prop_ibuf_I_O)         0.136     0.136 r  clk_IBUF_inst/O
                         net (fo=1, routed)           0.704     0.840    clk_IBUF
    BUFGCTRL_X0Y0        BUFG (Prop_bufg_I_O)         0.026     0.866 r  clk_IBUF_BUFG_inst/O
                         net (fo=840, routed)         0.598     1.464    GEN_RANK[0].GEN_BANK[9].u_bram_manager/clk
    SLICE_X48Y50         FDRE                                         r  GEN_RANK[0].GEN_BANK[9].u_bram_manager/req_addr_d_reg[7]/C
  -------------------------------------------------------------------    -------------------
    SLICE_X48Y50         FDRE (Prop_fdre_C_Q)         0.100     1.564 r  GEN_RANK[0].GEN_BANK[9].u_bram_manager/req_addr_d_reg[7]/Q
                         net (fo=1, routed)           0.192     1.756    GEN_RANK[0].GEN_BANK[9].u_bram_manager/req_addr_d[7]
    RAMB36_X2Y10         RAMB36E1                                     r  GEN_RANK[0].GEN_BANK[9].u_bram_manager/bram_reg/ADDRARDADDR[13]
  -------------------------------------------------------------------    -------------------

                         (clock clk rise edge)        0.000     0.000 r  
    D23                                               0.000     0.000 r  clk (IN)
                         net (fo=0)                   0.000     0.000    clk
    D23                  IBUF (Prop_ibuf_I_O)         0.384     0.384 r  clk_IBUF_inst/O
                         net (fo=1, routed)           0.769     1.153    clk_IBUF
    BUFGCTRL_X0Y0        BUFG (Prop_bufg_I_O)         0.030     1.183 r  clk_IBUF_BUFG_inst/O
                         net (fo=840, routed)         0.846     2.029    GEN_RANK[0].GEN_BANK[9].u_bram_manager/clk
    RAMB36_X2Y10         RAMB36E1                                     r  GEN_RANK[0].GEN_BANK[9].u_bram_manager/bram_reg/CLKARDCLK
                         clock pessimism             -0.522     1.506    
    RAMB36_X2Y10         RAMB36E1 (Hold_ramb36e1_CLKARDCLK_ADDRARDADDR[13])
                                                      0.183     1.689    GEN_RANK[0].GEN_BANK[9].u_bram_manager/bram_reg
  -------------------------------------------------------------------
                         required time                         -1.689    
                         arrival time                           1.756    
  -------------------------------------------------------------------
                         slack                                  0.066    

Slack (MET) :             0.067ns  (arrival time - required time)
  Source:                 GEN_RANK[3].GEN_BANK[7].u_bram_manager/req_addr_d_reg[8]/C
                            (rising edge-triggered cell FDRE clocked by clk  {rise@0.000ns fall@5.000ns period=10.000ns})
  Destination:            GEN_RANK[3].GEN_BANK[7].u_bram_manager/bram_reg/ADDRARDADDR[14]
                            (rising edge-triggered cell RAMB36E1 clocked by clk  {rise@0.000ns fall@5.000ns period=10.000ns})
  Path Group:             clk
  Path Type:              Hold (Min at Fast Process Corner)
  Requirement:            0.000ns  (clk rise@0.000ns - clk rise@0.000ns)
  Data Path Delay:        0.293ns  (logic 0.100ns (34.104%)  route 0.193ns (65.896%))
  Logic Levels:           0  
  Clock Path Skew:        0.044ns (DCD - SCD - CPR)
    Destination Clock Delay (DCD):    2.101ns
    Source Clock Delay      (SCD):    1.515ns
    Clock Pessimism Removal (CPR):    0.542ns

    Location             Delay type                Incr(ns)  Path(ns)    Netlist Resource(s)
  -------------------------------------------------------------------    -------------------
                         (clock clk rise edge)        0.000     0.000 r  
    D23                                               0.000     0.000 r  clk (IN)
                         net (fo=0)                   0.000     0.000    clk
    D23                  IBUF (Prop_ibuf_I_O)         0.136     0.136 r  clk_IBUF_inst/O
                         net (fo=1, routed)           0.704     0.840    clk_IBUF
    BUFGCTRL_X0Y0        BUFG (Prop_bufg_I_O)         0.026     0.866 r  clk_IBUF_BUFG_inst/O
                         net (fo=840, routed)         0.649     1.515    GEN_RANK[3].GEN_BANK[7].u_bram_manager/clk
    SLICE_X49Y5          FDRE                                         r  GEN_RANK[3].GEN_BANK[7].u_bram_manager/req_addr_d_reg[8]/C
  -------------------------------------------------------------------    -------------------
    SLICE_X49Y5          FDRE (Prop_fdre_C_Q)         0.100     1.615 r  GEN_RANK[3].GEN_BANK[7].u_bram_manager/req_addr_d_reg[8]/Q
                         net (fo=1, routed)           0.193     1.808    GEN_RANK[3].GEN_BANK[7].u_bram_manager/req_addr_d[8]
    RAMB36_X2Y0          RAMB36E1                                     r  GEN_RANK[3].GEN_BANK[7].u_bram_manager/bram_reg/ADDRARDADDR[14]
  -------------------------------------------------------------------    -------------------

                         (clock clk rise edge)        0.000     0.000 r  
    D23                                               0.000     0.000 r  clk (IN)
                         net (fo=0)                   0.000     0.000    clk
    D23                  IBUF (Prop_ibuf_I_O)         0.384     0.384 r  clk_IBUF_inst/O
                         net (fo=1, routed)           0.769     1.153    clk_IBUF
    BUFGCTRL_X0Y0        BUFG (Prop_bufg_I_O)         0.030     1.183 r  clk_IBUF_BUFG_inst/O
                         net (fo=840, routed)         0.918     2.101    GEN_RANK[3].GEN_BANK[7].u_bram_manager/clk
    RAMB36_X2Y0          RAMB36E1                                     r  GEN_RANK[3].GEN_BANK[7].u_bram_manager/bram_reg/CLKARDCLK
                         clock pessimism             -0.542     1.558    
    RAMB36_X2Y0          RAMB36E1 (Hold_ramb36e1_CLKARDCLK_ADDRARDADDR[14])
                                                      0.183     1.741    GEN_RANK[3].GEN_BANK[7].u_bram_manager/bram_reg
  -------------------------------------------------------------------
                         required time                         -1.741    
                         arrival time                           1.808    
  -------------------------------------------------------------------
                         slack                                  0.067    





Pulse Width Checks
--------------------------------------------------------------------------------------
Clock Name:         clk
Waveform(ns):       { 0.000 5.000 }
Period(ns):         10.000
Sources:            { clk }

Check Type        Corner  Lib Pin             Reference Pin  Required(ns)  Actual(ns)  Slack(ns)  Location      Pin
Min Period        n/a     RAMB36E1/CLKARDCLK  n/a            2.095         10.000      7.905      RAMB36_X2Y12  GEN_RANK[0].GEN_BANK[0].u_bram_manager/bram_reg/CLKARDCLK
Min Period        n/a     RAMB36E1/CLKBWRCLK  n/a            2.095         10.000      7.905      RAMB36_X2Y12  GEN_RANK[0].GEN_BANK[0].u_bram_manager/bram_reg/CLKBWRCLK
Min Period        n/a     RAMB36E1/CLKARDCLK  n/a            2.095         10.000      7.905      RAMB36_X0Y12  GEN_RANK[0].GEN_BANK[10].u_bram_manager/bram_reg/CLKARDCLK
Min Period        n/a     RAMB36E1/CLKBWRCLK  n/a            2.095         10.000      7.905      RAMB36_X0Y12  GEN_RANK[0].GEN_BANK[10].u_bram_manager/bram_reg/CLKBWRCLK
Min Period        n/a     RAMB36E1/CLKARDCLK  n/a            2.095         10.000      7.905      RAMB36_X0Y10  GEN_RANK[0].GEN_BANK[11].u_bram_manager/bram_reg/CLKARDCLK
Min Period        n/a     RAMB36E1/CLKBWRCLK  n/a            2.095         10.000      7.905      RAMB36_X0Y10  GEN_RANK[0].GEN_BANK[11].u_bram_manager/bram_reg/CLKBWRCLK
Min Period        n/a     RAMB36E1/CLKARDCLK  n/a            2.095         10.000      7.905      RAMB36_X2Y9   GEN_RANK[0].GEN_BANK[1].u_bram_manager/bram_reg/CLKARDCLK
Min Period        n/a     RAMB36E1/CLKBWRCLK  n/a            2.095         10.000      7.905      RAMB36_X2Y9   GEN_RANK[0].GEN_BANK[1].u_bram_manager/bram_reg/CLKBWRCLK
Min Period        n/a     RAMB36E1/CLKARDCLK  n/a            2.095         10.000      7.905      RAMB36_X1Y10  GEN_RANK[0].GEN_BANK[2].u_bram_manager/bram_reg/CLKARDCLK
Min Period        n/a     RAMB36E1/CLKBWRCLK  n/a            2.095         10.000      7.905      RAMB36_X1Y10  GEN_RANK[0].GEN_BANK[2].u_bram_manager/bram_reg/CLKBWRCLK
Low Pulse Width   Slow    FDRE/C              n/a            0.400         5.000       4.600      SLICE_X44Y37  GEN_RANK[0].GEN_BANK[0].u_bram_manager/req_valid_d_reg/C
Low Pulse Width   Fast    FDRE/C              n/a            0.400         5.000       4.600      SLICE_X44Y37  GEN_RANK[0].GEN_BANK[0].u_bram_manager/req_valid_d_reg/C
Low Pulse Width   Slow    FDRE/C              n/a            0.400         5.000       4.600      SLICE_X11Y52  GEN_RANK[0].GEN_BANK[10].u_bram_manager/req_valid_d_reg/C
Low Pulse Width   Fast    FDRE/C              n/a            0.400         5.000       4.600      SLICE_X11Y52  GEN_RANK[0].GEN_BANK[10].u_bram_manager/req_valid_d_reg/C
Low Pulse Width   Slow    FDRE/C              n/a            0.400         5.000       4.600      SLICE_X12Y51  GEN_RANK[0].GEN_BANK[11].u_bram_manager/req_valid_d_reg/C
Low Pulse Width   Fast    FDRE/C              n/a            0.400         5.000       4.600      SLICE_X12Y51  GEN_RANK[0].GEN_BANK[11].u_bram_manager/req_valid_d_reg/C
Low Pulse Width   Slow    FDRE/C              n/a            0.400         5.000       4.600      SLICE_X26Y51  GEN_RANK[0].GEN_BANK[4].u_bram_manager/req_valid_d_reg/C
Low Pulse Width   Fast    FDRE/C              n/a            0.400         5.000       4.600      SLICE_X26Y51  GEN_RANK[0].GEN_BANK[4].u_bram_manager/req_valid_d_reg/C
Low Pulse Width   Slow    FDRE/C              n/a            0.400         5.000       4.600      SLICE_X26Y51  GEN_RANK[0].GEN_BANK[4].u_bram_manager/req_write_d_reg/C
Low Pulse Width   Fast    FDRE/C              n/a            0.400         5.000       4.600      SLICE_X26Y51  GEN_RANK[0].GEN_BANK[4].u_bram_manager/req_write_d_reg/C
High Pulse Width  Slow    FDRE/C              n/a            0.350         5.000       4.650      SLICE_X49Y60  GEN_RANK[0].GEN_BANK[0].u_bram_manager/req_addr_d_reg[0]/C
High Pulse Width  Fast    FDRE/C              n/a            0.350         5.000       4.650      SLICE_X49Y60  GEN_RANK[0].GEN_BANK[0].u_bram_manager/req_addr_d_reg[0]/C
High Pulse Width  Slow    FDRE/C              n/a            0.350         5.000       4.650      SLICE_X49Y60  GEN_RANK[0].GEN_BANK[0].u_bram_manager/req_addr_d_reg[1]/C
High Pulse Width  Fast    FDRE/C              n/a            0.350         5.000       4.650      SLICE_X49Y60  GEN_RANK[0].GEN_BANK[0].u_bram_manager/req_addr_d_reg[1]/C
High Pulse Width  Slow    FDRE/C              n/a            0.350         5.000       4.650      SLICE_X48Y59  GEN_RANK[0].GEN_BANK[0].u_bram_manager/req_addr_d_reg[2]/C
High Pulse Width  Fast    FDRE/C              n/a            0.350         5.000       4.650      SLICE_X48Y59  GEN_RANK[0].GEN_BANK[0].u_bram_manager/req_addr_d_reg[2]/C
High Pulse Width  Slow    FDRE/C              n/a            0.350         5.000       4.650      SLICE_X48Y60  GEN_RANK[0].GEN_BANK[0].u_bram_manager/req_addr_d_reg[3]/C
High Pulse Width  Fast    FDRE/C              n/a            0.350         5.000       4.650      SLICE_X48Y60  GEN_RANK[0].GEN_BANK[0].u_bram_manager/req_addr_d_reg[3]/C
High Pulse Width  Slow    FDRE/C              n/a            0.350         5.000       4.650      SLICE_X48Y60  GEN_RANK[0].GEN_BANK[0].u_bram_manager/req_addr_d_reg[4]/C
High Pulse Width  Fast    FDRE/C              n/a            0.350         5.000       4.650      SLICE_X48Y60  GEN_RANK[0].GEN_BANK[0].u_bram_manager/req_addr_d_reg[4]/C



--------------------------------------------------------------------------------------
Path Group:  (none)
From Clock:  clk
  To Clock:  

Max Delay            11 Endpoints
Min Delay            11 Endpoints
--------------------------------------------------------------------------------------


Max Delay Paths
--------------------------------------------------------------------------------------
Slack:                    inf
  Source:                 GEN_RANK[4].GEN_BANK[0].u_bram_manager/bram_reg/CLKARDCLK
                            (rising edge-triggered cell RAMB36E1 clocked by clk  {rise@0.000ns fall@5.000ns period=10.000ns})
  Destination:            matched_rule_index[0]
                            (output port)
  Path Group:             (none)
  Path Type:              Max at Slow Process Corner
  Data Path Delay:        17.939ns  (logic 5.067ns (28.248%)  route 12.871ns (71.752%))
  Logic Levels:           19  (LUT4=1 LUT5=1 LUT6=16 OBUF=1)
  Clock Uncertainty:      0.025ns  ((TSJ^2 + TIJ^2)^1/2 + DJ) / 2 + PE
    Total System Jitter     (TSJ):    0.050ns
    Total Input Jitter      (TIJ):    0.000ns
    Discrete Jitter          (DJ):    0.000ns
    Phase Error              (PE):    0.000ns

    Location             Delay type                Incr(ns)  Path(ns)    Netlist Resource(s)
  -------------------------------------------------------------------    -------------------
                         (clock clk rise edge)        0.000     0.000 r  
    D23                                               0.000     0.000 r  clk (IN)
                         net (fo=0)                   0.000     0.000    clk
    D23                  IBUF (Prop_ibuf_I_O)         0.794     0.794 r  clk_IBUF_inst/O
                         net (fo=1, routed)           1.611     2.405    clk_IBUF
    BUFGCTRL_X0Y0        BUFG (Prop_bufg_I_O)         0.093     2.498 r  clk_IBUF_BUFG_inst/O
                         net (fo=840, routed)         1.655     4.153    GEN_RANK[4].GEN_BANK[0].u_bram_manager/clk
    RAMB36_X5Y1          RAMB36E1                                     r  GEN_RANK[4].GEN_BANK[0].u_bram_manager/bram_reg/CLKARDCLK
  -------------------------------------------------------------------    -------------------
    RAMB36_X5Y1          RAMB36E1 (Prop_ramb36e1_CLKARDCLK_DOPADOP[0])
                                                      1.800     5.953 f  GEN_RANK[4].GEN_BANK[0].u_bram_manager/bram_reg/DOPADOP[0]
                         net (fo=1, routed)           0.899     6.851    pe/matched_rule_index_OBUF[8]_inst_i_12_6[64]
    SLICE_X88Y16         LUT4 (Prop_lut4_I2_O)        0.043     6.894 r  pe/matched_rule_index_OBUF[8]_inst_i_198/O
                         net (fo=1, routed)           1.190     8.085    pe/matched_rule_index_OBUF[8]_inst_i_198_n_0
    SLICE_X66Y21         LUT6 (Prop_lut6_I5_O)        0.043     8.128 f  pe/matched_rule_index_OBUF[8]_inst_i_110/O
                         net (fo=3, routed)           0.983     9.111    pe/bram_reg[338]
    SLICE_X53Y23         LUT5 (Prop_lut5_I4_O)        0.051     9.162 f  pe/matched_rule_index_OBUF[0]_inst_i_216/O
                         net (fo=1, routed)           0.466     9.628    pe/matched_rule_index_OBUF[0]_inst_i_216_n_0
    SLICE_X53Y23         LUT6 (Prop_lut6_I4_O)        0.136     9.764 r  pe/matched_rule_index_OBUF[0]_inst_i_203/O
                         net (fo=1, routed)           0.454    10.217    pe/matched_rule_index_OBUF[0]_inst_i_203_n_0
    SLICE_X54Y23         LUT6 (Prop_lut6_I2_O)        0.043    10.260 r  pe/matched_rule_index_OBUF[0]_inst_i_192/O
                         net (fo=1, routed)           0.410    10.670    pe/matched_rule_index_OBUF[0]_inst_i_192_n_0
    SLICE_X53Y21         LUT6 (Prop_lut6_I2_O)        0.043    10.713 r  pe/matched_rule_index_OBUF[0]_inst_i_181/O
                         net (fo=1, routed)           0.592    11.305    pe/matched_rule_index_OBUF[0]_inst_i_181_n_0
    SLICE_X47Y20         LUT6 (Prop_lut6_I2_O)        0.043    11.348 r  pe/matched_rule_index_OBUF[0]_inst_i_171/O
                         net (fo=1, routed)           0.101    11.449    pe/matched_rule_index_OBUF[0]_inst_i_171_n_0
    SLICE_X47Y20         LUT6 (Prop_lut6_I2_O)        0.043    11.492 r  pe/matched_rule_index_OBUF[0]_inst_i_160/O
                         net (fo=1, routed)           0.663    12.154    pe/matched_rule_index_OBUF[0]_inst_i_160_n_0
    SLICE_X45Y27         LUT6 (Prop_lut6_I2_O)        0.043    12.197 r  pe/matched_rule_index_OBUF[0]_inst_i_149/O
                         net (fo=1, routed)           0.614    12.811    pe/matched_rule_index_OBUF[0]_inst_i_149_n_0
    SLICE_X50Y33         LUT6 (Prop_lut6_I2_O)        0.043    12.854 r  pe/matched_rule_index_OBUF[0]_inst_i_139/O
                         net (fo=1, routed)           0.199    13.053    pe/matched_rule_index_OBUF[0]_inst_i_139_n_0
    SLICE_X50Y35         LUT6 (Prop_lut6_I2_O)        0.043    13.096 r  pe/matched_rule_index_OBUF[0]_inst_i_128/O
                         net (fo=1, routed)           0.349    13.445    pe/matched_rule_index_OBUF[0]_inst_i_128_n_0
    SLICE_X46Y35         LUT6 (Prop_lut6_I2_O)        0.043    13.488 r  pe/matched_rule_index_OBUF[0]_inst_i_117/O
                         net (fo=1, routed)           0.706    14.194    pe/matched_rule_index_OBUF[0]_inst_i_117_n_0
    SLICE_X31Y32         LUT6 (Prop_lut6_I2_O)        0.043    14.237 r  pe/matched_rule_index_OBUF[0]_inst_i_106/O
                         net (fo=1, routed)           0.197    14.434    pe/matched_rule_index_OBUF[0]_inst_i_106_n_0
    SLICE_X26Y32         LUT6 (Prop_lut6_I2_O)        0.043    14.477 r  pe/matched_rule_index_OBUF[0]_inst_i_83/O
                         net (fo=1, routed)           0.549    15.026    pe/matched_rule_index_OBUF[0]_inst_i_83_n_0
    SLICE_X26Y34         LUT6 (Prop_lut6_I2_O)        0.043    15.069 r  pe/matched_rule_index_OBUF[0]_inst_i_46/O
                         net (fo=1, routed)           0.578    15.648    pe/matched_rule_index_OBUF[0]_inst_i_46_n_0
    SLICE_X26Y41         LUT6 (Prop_lut6_I2_O)        0.043    15.691 r  pe/matched_rule_index_OBUF[0]_inst_i_15/O
                         net (fo=1, routed)           0.530    16.220    pe/matched_rule_index_OBUF[0]_inst_i_15_n_0
    SLICE_X26Y44         LUT6 (Prop_lut6_I2_O)        0.043    16.263 r  pe/matched_rule_index_OBUF[0]_inst_i_3/O
                         net (fo=1, routed)           0.408    16.671    pe/matched_rule_index_OBUF[0]_inst_i_3_n_0
    SLICE_X25Y46         LUT6 (Prop_lut6_I1_O)        0.043    16.714 r  pe/matched_rule_index_OBUF[0]_inst_i_1/O
                         net (fo=1, routed)           2.985    19.699    matched_rule_index_OBUF[0]
    J24                  OBUF (Prop_obuf_I_O)         2.392    22.091 r  matched_rule_index_OBUF[0]_inst/O
                         net (fo=0)                   0.000    22.091    matched_rule_index[0]
    J24                                                               r  matched_rule_index[0] (OUT)
  -------------------------------------------------------------------    -------------------

Slack:                    inf
  Source:                 GEN_RANK[4].GEN_BANK[0].u_bram_manager/bram_reg/CLKARDCLK
                            (rising edge-triggered cell RAMB36E1 clocked by clk  {rise@0.000ns fall@5.000ns period=10.000ns})
  Destination:            matched_rule_index[1]
                            (output port)
  Path Group:             (none)
  Path Type:              Max at Slow Process Corner
  Data Path Delay:        17.928ns  (logic 4.940ns (27.554%)  route 12.988ns (72.446%))
  Logic Levels:           18  (LUT2=1 LUT4=1 LUT6=15 OBUF=1)
  Clock Uncertainty:      0.025ns  ((TSJ^2 + TIJ^2)^1/2 + DJ) / 2 + PE
    Total System Jitter     (TSJ):    0.050ns
    Total Input Jitter      (TIJ):    0.000ns
    Discrete Jitter          (DJ):    0.000ns
    Phase Error              (PE):    0.000ns

    Location             Delay type                Incr(ns)  Path(ns)    Netlist Resource(s)
  -------------------------------------------------------------------    -------------------
                         (clock clk rise edge)        0.000     0.000 r  
    D23                                               0.000     0.000 r  clk (IN)
                         net (fo=0)                   0.000     0.000    clk
    D23                  IBUF (Prop_ibuf_I_O)         0.794     0.794 r  clk_IBUF_inst/O
                         net (fo=1, routed)           1.611     2.405    clk_IBUF
    BUFGCTRL_X0Y0        BUFG (Prop_bufg_I_O)         0.093     2.498 r  clk_IBUF_BUFG_inst/O
                         net (fo=840, routed)         1.655     4.153    GEN_RANK[4].GEN_BANK[0].u_bram_manager/clk
    RAMB36_X5Y1          RAMB36E1                                     r  GEN_RANK[4].GEN_BANK[0].u_bram_manager/bram_reg/CLKARDCLK
  -------------------------------------------------------------------    -------------------
    RAMB36_X5Y1          RAMB36E1 (Prop_ramb36e1_CLKARDCLK_DOBDO[20])
                                                      1.800     5.953 f  GEN_RANK[4].GEN_BANK[0].u_bram_manager/bram_reg/DOBDO[20]
                         net (fo=1, routed)           1.039     6.992    pe/matched_rule_index_OBUF[8]_inst_i_12_6[52]
    SLICE_X88Y15         LUT4 (Prop_lut4_I2_O)        0.043     7.035 r  pe/result_OBUF_inst_i_262/O
                         net (fo=2, routed)           1.048     8.084    pe/result_OBUF_inst_i_262_n_0
    SLICE_X68Y20         LUT6 (Prop_lut6_I5_O)        0.043     8.127 f  pe/result_OBUF_inst_i_74/O
                         net (fo=3, routed)           1.111     9.238    pe/bram_reg[326]
    SLICE_X52Y28         LUT2 (Prop_lut2_I1_O)        0.043     9.281 f  pe/matched_rule_index_OBUF[6]_inst_i_29/O
                         net (fo=3, routed)           0.600     9.881    pe/matched_rule_index_OBUF[6]_inst_i_29_n_0
    SLICE_X51Y24         LUT6 (Prop_lut6_I0_O)        0.043     9.924 f  pe/matched_rule_index_OBUF[1]_inst_i_157/O
                         net (fo=1, routed)           0.429    10.353    pe/matched_rule_index_OBUF[1]_inst_i_157_n_0
    SLICE_X51Y23         LUT6 (Prop_lut6_I4_O)        0.043    10.396 r  pe/matched_rule_index_OBUF[1]_inst_i_156/O
                         net (fo=1, routed)           0.233    10.629    pe/matched_rule_index_OBUF[1]_inst_i_156_n_0
    SLICE_X51Y22         LUT6 (Prop_lut6_I2_O)        0.043    10.672 r  pe/matched_rule_index_OBUF[1]_inst_i_154/O
                         net (fo=1, routed)           0.099    10.771    pe/matched_rule_index_OBUF[1]_inst_i_154_n_0
    SLICE_X51Y22         LUT6 (Prop_lut6_I2_O)        0.043    10.814 r  pe/matched_rule_index_OBUF[1]_inst_i_147/O
                         net (fo=1, routed)           0.400    11.214    pe/matched_rule_index_OBUF[1]_inst_i_147_n_0
    SLICE_X44Y23         LUT6 (Prop_lut6_I2_O)        0.043    11.257 r  pe/matched_rule_index_OBUF[1]_inst_i_140/O
                         net (fo=1, routed)           0.543    11.800    pe/matched_rule_index_OBUF[1]_inst_i_140_n_0
    SLICE_X46Y21         LUT6 (Prop_lut6_I2_O)        0.043    11.843 r  pe/matched_rule_index_OBUF[1]_inst_i_136/O
                         net (fo=1, routed)           0.405    12.248    pe/matched_rule_index_OBUF[1]_inst_i_136_n_0
    SLICE_X48Y21         LUT6 (Prop_lut6_I2_O)        0.043    12.291 r  pe/matched_rule_index_OBUF[1]_inst_i_130/O
                         net (fo=1, routed)           0.732    13.023    pe/matched_rule_index_OBUF[1]_inst_i_130_n_0
    SLICE_X47Y25         LUT6 (Prop_lut6_I3_O)        0.043    13.066 r  pe/matched_rule_index_OBUF[1]_inst_i_124/O
                         net (fo=1, routed)           0.460    13.526    pe/matched_rule_index_OBUF[1]_inst_i_124_n_0
    SLICE_X46Y29         LUT6 (Prop_lut6_I2_O)        0.043    13.569 r  pe/matched_rule_index_OBUF[1]_inst_i_116/O
                         net (fo=1, routed)           0.531    14.100    pe/matched_rule_index_OBUF[1]_inst_i_116_n_0
    SLICE_X49Y34         LUT6 (Prop_lut6_I2_O)        0.043    14.143 r  pe/matched_rule_index_OBUF[1]_inst_i_86/O
                         net (fo=1, routed)           0.491    14.634    pe/matched_rule_index_OBUF[1]_inst_i_86_n_0
    SLICE_X46Y34         LUT6 (Prop_lut6_I2_O)        0.043    14.677 r  pe/matched_rule_index_OBUF[1]_inst_i_48/O
                         net (fo=1, routed)           0.532    15.210    pe/matched_rule_index_OBUF[1]_inst_i_48_n_0
    SLICE_X38Y33         LUT6 (Prop_lut6_I2_O)        0.043    15.253 r  pe/matched_rule_index_OBUF[1]_inst_i_16/O
                         net (fo=1, routed)           0.559    15.812    pe/matched_rule_index_OBUF[1]_inst_i_16_n_0
    SLICE_X28Y33         LUT6 (Prop_lut6_I2_O)        0.043    15.855 r  pe/matched_rule_index_OBUF[1]_inst_i_4/O
                         net (fo=1, routed)           0.537    16.392    pe/matched_rule_index_OBUF[1]_inst_i_4_n_0
    SLICE_X26Y37         LUT6 (Prop_lut6_I2_O)        0.043    16.435 r  pe/matched_rule_index_OBUF[1]_inst_i_1/O
                         net (fo=1, routed)           3.236    19.672    matched_rule_index_OBUF[1]
    H22                  OBUF (Prop_obuf_I_O)         2.409    22.080 r  matched_rule_index_OBUF[1]_inst/O
                         net (fo=0)                   0.000    22.080    matched_rule_index[1]
    H22                                                               r  matched_rule_index[1] (OUT)
  -------------------------------------------------------------------    -------------------

Slack:                    inf
  Source:                 GEN_RANK[4].GEN_BANK[0].u_bram_manager/bram_reg/CLKARDCLK
                            (rising edge-triggered cell RAMB36E1 clocked by clk  {rise@0.000ns fall@5.000ns period=10.000ns})
  Destination:            matched_rule_index[3]
                            (output port)
  Path Group:             (none)
  Path Type:              Max at Slow Process Corner
  Data Path Delay:        16.802ns  (logic 4.998ns (29.746%)  route 11.804ns (70.254%))
  Logic Levels:           15  (LUT2=3 LUT4=1 LUT5=1 LUT6=9 OBUF=1)
  Clock Uncertainty:      0.025ns  ((TSJ^2 + TIJ^2)^1/2 + DJ) / 2 + PE
    Total System Jitter     (TSJ):    0.050ns
    Total Input Jitter      (TIJ):    0.000ns
    Discrete Jitter          (DJ):    0.000ns
    Phase Error              (PE):    0.000ns

    Location             Delay type                Incr(ns)  Path(ns)    Netlist Resource(s)
  -------------------------------------------------------------------    -------------------
                         (clock clk rise edge)        0.000     0.000 r  
    D23                                               0.000     0.000 r  clk (IN)
                         net (fo=0)                   0.000     0.000    clk
    D23                  IBUF (Prop_ibuf_I_O)         0.794     0.794 r  clk_IBUF_inst/O
                         net (fo=1, routed)           1.611     2.405    clk_IBUF
    BUFGCTRL_X0Y0        BUFG (Prop_bufg_I_O)         0.093     2.498 r  clk_IBUF_BUFG_inst/O
                         net (fo=840, routed)         1.655     4.153    GEN_RANK[4].GEN_BANK[0].u_bram_manager/clk
    RAMB36_X5Y1          RAMB36E1                                     r  GEN_RANK[4].GEN_BANK[0].u_bram_manager/bram_reg/CLKARDCLK
  -------------------------------------------------------------------    -------------------
    RAMB36_X5Y1          RAMB36E1 (Prop_ramb36e1_CLKARDCLK_DOBDO[20])
                                                      1.800     5.953 f  GEN_RANK[4].GEN_BANK[0].u_bram_manager/bram_reg/DOBDO[20]
                         net (fo=1, routed)           1.039     6.992    pe/matched_rule_index_OBUF[8]_inst_i_12_6[52]
    SLICE_X88Y15         LUT4 (Prop_lut4_I2_O)        0.043     7.035 r  pe/result_OBUF_inst_i_262/O
                         net (fo=2, routed)           1.048     8.084    pe/result_OBUF_inst_i_262_n_0
    SLICE_X68Y20         LUT6 (Prop_lut6_I5_O)        0.043     8.127 f  pe/result_OBUF_inst_i_74/O
                         net (fo=3, routed)           1.111     9.238    pe/bram_reg[326]
    SLICE_X52Y28         LUT2 (Prop_lut2_I1_O)        0.043     9.281 f  pe/matched_rule_index_OBUF[6]_inst_i_29/O
                         net (fo=3, routed)           0.599     9.880    pe/matched_rule_index_OBUF[6]_inst_i_29_n_0
    SLICE_X51Y24         LUT2 (Prop_lut2_I1_O)        0.051     9.931 r  pe/matched_rule_index_OBUF[8]_inst_i_32/O
                         net (fo=3, routed)           0.369    10.300    pe/matched_rule_index_OBUF[8]_inst_i_32_n_0
    SLICE_X49Y24         LUT2 (Prop_lut2_I0_O)        0.143    10.443 f  pe/matched_rule_index_OBUF[8]_inst_i_9/O
                         net (fo=2, routed)           0.361    10.804    pe/matched_rule_index_OBUF[8]_inst_i_9_n_0
    SLICE_X48Y24         LUT6 (Prop_lut6_I3_O)        0.135    10.939 r  pe/matched_rule_index_OBUF[3]_inst_i_26/O
                         net (fo=1, routed)           0.384    11.323    pe/matched_rule_index_OBUF[3]_inst_i_26_n_0
    SLICE_X47Y25         LUT6 (Prop_lut6_I4_O)        0.043    11.366 r  pe/matched_rule_index_OBUF[3]_inst_i_25/O
                         net (fo=1, routed)           0.542    11.908    pe/matched_rule_index_OBUF[3]_inst_i_25_n_0
    SLICE_X46Y27         LUT6 (Prop_lut6_I3_O)        0.043    11.951 r  pe/matched_rule_index_OBUF[3]_inst_i_23/O
                         net (fo=1, routed)           0.514    12.465    pe/matched_rule_index_OBUF[3]_inst_i_23_n_0
    SLICE_X46Y32         LUT6 (Prop_lut6_I2_O)        0.043    12.508 r  pe/matched_rule_index_OBUF[3]_inst_i_20/O
                         net (fo=1, routed)           0.668    13.176    pe/matched_rule_index_OBUF[3]_inst_i_20_n_0
    SLICE_X48Y34         LUT6 (Prop_lut6_I5_O)        0.043    13.219 f  pe/matched_rule_index_OBUF[3]_inst_i_18/O
                         net (fo=1, routed)           0.517    13.736    pe/matched_rule_index_OBUF[3]_inst_i_18_n_0
    SLICE_X43Y34         LUT6 (Prop_lut6_I3_O)        0.043    13.779 r  pe/matched_rule_index_OBUF[3]_inst_i_15/O
                         net (fo=1, routed)           0.438    14.217    pe/matched_rule_index_OBUF[3]_inst_i_15_n_0
    SLICE_X31Y34         LUT6 (Prop_lut6_I3_O)        0.043    14.260 f  pe/matched_rule_index_OBUF[3]_inst_i_6/O
                         net (fo=1, routed)           0.507    14.767    pe/matched_rule_index_OBUF[3]_inst_i_6_n_0
    SLICE_X29Y38         LUT6 (Prop_lut6_I0_O)        0.043    14.810 r  pe/matched_rule_index_OBUF[3]_inst_i_2/O
                         net (fo=1, routed)           0.575    15.385    pe/matched_rule_index_OBUF[3]_inst_i_2_n_0
    SLICE_X29Y43         LUT5 (Prop_lut5_I0_O)        0.043    15.428 r  pe/matched_rule_index_OBUF[3]_inst_i_1/O
                         net (fo=1, routed)           3.131    18.559    matched_rule_index_OBUF[3]
    H24                  OBUF (Prop_obuf_I_O)         2.396    20.954 r  matched_rule_index_OBUF[3]_inst/O
                         net (fo=0)                   0.000    20.954    matched_rule_index[3]
    H24                                                               r  matched_rule_index[3] (OUT)
  -------------------------------------------------------------------    -------------------

Slack:                    inf
  Source:                 GEN_RANK[4].GEN_BANK[0].u_bram_manager/bram_reg/CLKARDCLK
                            (rising edge-triggered cell RAMB36E1 clocked by clk  {rise@0.000ns fall@5.000ns period=10.000ns})
  Destination:            matched_rule_index[2]
                            (output port)
  Path Group:             (none)
  Path Type:              Max at Slow Process Corner
  Data Path Delay:        16.270ns  (logic 4.956ns (30.458%)  route 11.315ns (69.542%))
  Logic Levels:           16  (LUT2=2 LUT3=1 LUT4=1 LUT6=11 OBUF=1)
  Clock Uncertainty:      0.025ns  ((TSJ^2 + TIJ^2)^1/2 + DJ) / 2 + PE
    Total System Jitter     (TSJ):    0.050ns
    Total Input Jitter      (TIJ):    0.000ns
    Discrete Jitter          (DJ):    0.000ns
    Phase Error              (PE):    0.000ns

    Location             Delay type                Incr(ns)  Path(ns)    Netlist Resource(s)
  -------------------------------------------------------------------    -------------------
                         (clock clk rise edge)        0.000     0.000 r  
    D23                                               0.000     0.000 r  clk (IN)
                         net (fo=0)                   0.000     0.000    clk
    D23                  IBUF (Prop_ibuf_I_O)         0.794     0.794 r  clk_IBUF_inst/O
                         net (fo=1, routed)           1.611     2.405    clk_IBUF
    BUFGCTRL_X0Y0        BUFG (Prop_bufg_I_O)         0.093     2.498 r  clk_IBUF_BUFG_inst/O
                         net (fo=840, routed)         1.655     4.153    GEN_RANK[4].GEN_BANK[0].u_bram_manager/clk
    RAMB36_X5Y1          RAMB36E1                                     r  GEN_RANK[4].GEN_BANK[0].u_bram_manager/bram_reg/CLKARDCLK
  -------------------------------------------------------------------    -------------------
    RAMB36_X5Y1          RAMB36E1 (Prop_ramb36e1_CLKARDCLK_DOBDO[20])
                                                      1.800     5.953 r  GEN_RANK[4].GEN_BANK[0].u_bram_manager/bram_reg/DOBDO[20]
                         net (fo=1, routed)           1.039     6.992    pe/matched_rule_index_OBUF[8]_inst_i_12_6[52]
    SLICE_X88Y15         LUT4 (Prop_lut4_I2_O)        0.043     7.035 f  pe/result_OBUF_inst_i_262/O
                         net (fo=2, routed)           1.048     8.084    pe/result_OBUF_inst_i_262_n_0
    SLICE_X68Y20         LUT6 (Prop_lut6_I5_O)        0.043     8.127 r  pe/result_OBUF_inst_i_74/O
                         net (fo=3, routed)           1.111     9.238    pe/bram_reg[326]
    SLICE_X52Y28         LUT2 (Prop_lut2_I1_O)        0.043     9.281 r  pe/matched_rule_index_OBUF[6]_inst_i_29/O
                         net (fo=3, routed)           0.599     9.880    pe/matched_rule_index_OBUF[6]_inst_i_29_n_0
    SLICE_X51Y24         LUT2 (Prop_lut2_I1_O)        0.051     9.931 f  pe/matched_rule_index_OBUF[8]_inst_i_32/O
                         net (fo=3, routed)           0.322    10.253    pe/matched_rule_index_OBUF[8]_inst_i_32_n_0
    SLICE_X49Y24         LUT6 (Prop_lut6_I1_O)        0.136    10.389 f  pe/matched_rule_index_OBUF[2]_inst_i_41/O
                         net (fo=1, routed)           0.436    10.824    pe/matched_rule_index_OBUF[2]_inst_i_41_n_0
    SLICE_X49Y23         LUT6 (Prop_lut6_I2_O)        0.043    10.867 f  pe/matched_rule_index_OBUF[2]_inst_i_38/O
                         net (fo=1, routed)           0.465    11.333    pe/matched_rule_index_OBUF[2]_inst_i_38_n_0
    SLICE_X48Y23         LUT6 (Prop_lut6_I2_O)        0.043    11.376 r  pe/matched_rule_index_OBUF[2]_inst_i_33/O
                         net (fo=1, routed)           0.486    11.862    pe/matched_rule_index_OBUF[2]_inst_i_33_n_0
    SLICE_X47Y23         LUT6 (Prop_lut6_I5_O)        0.043    11.905 f  pe/matched_rule_index_OBUF[2]_inst_i_24/O
                         net (fo=1, routed)           0.467    12.371    pe/matched_rule_index_OBUF[2]_inst_i_24_n_0
    SLICE_X47Y24         LUT6 (Prop_lut6_I4_O)        0.043    12.414 r  pe/matched_rule_index_OBUF[2]_inst_i_17/O
                         net (fo=1, routed)           0.537    12.951    pe/matched_rule_index_OBUF[2]_inst_i_17_n_0
    SLICE_X46Y31         LUT6 (Prop_lut6_I5_O)        0.043    12.994 f  pe/matched_rule_index_OBUF[2]_inst_i_12/O
                         net (fo=1, routed)           0.702    13.696    pe/matched_rule_index_OBUF[2]_inst_i_12_n_0
    SLICE_X28Y38         LUT6 (Prop_lut6_I3_O)        0.043    13.739 f  pe/matched_rule_index_OBUF[2]_inst_i_11/O
                         net (fo=1, routed)           0.242    13.982    pe/matched_rule_index_OBUF[2]_inst_i_11_n_0
    SLICE_X28Y39         LUT6 (Prop_lut6_I3_O)        0.043    14.025 r  pe/matched_rule_index_OBUF[2]_inst_i_9/O
                         net (fo=1, routed)           0.315    14.340    pe/matched_rule_index_OBUF[2]_inst_i_9_n_0
    SLICE_X29Y40         LUT6 (Prop_lut6_I3_O)        0.043    14.383 f  pe/matched_rule_index_OBUF[2]_inst_i_4/O
                         net (fo=1, routed)           0.447    14.830    pe/matched_rule_index_OBUF[2]_inst_i_4_n_0
    SLICE_X27Y42         LUT6 (Prop_lut6_I1_O)        0.043    14.873 r  pe/matched_rule_index_OBUF[2]_inst_i_2/O
                         net (fo=1, routed)           0.232    15.105    pe/matched_rule_index_OBUF[2]_inst_i_2_n_0
    SLICE_X27Y42         LUT3 (Prop_lut3_I0_O)        0.043    15.148 r  pe/matched_rule_index_OBUF[2]_inst_i_1/O
                         net (fo=1, routed)           2.865    18.014    matched_rule_index_OBUF[2]
    J21                  OBUF (Prop_obuf_I_O)         2.410    20.423 r  matched_rule_index_OBUF[2]_inst/O
                         net (fo=0)                   0.000    20.423    matched_rule_index[2]
    J21                                                               r  matched_rule_index[2] (OUT)
  -------------------------------------------------------------------    -------------------

Slack:                    inf
  Source:                 GEN_RANK[4].GEN_BANK[0].u_bram_manager/bram_reg/CLKARDCLK
                            (rising edge-triggered cell RAMB36E1 clocked by clk  {rise@0.000ns fall@5.000ns period=10.000ns})
  Destination:            matched_rule_index[4]
                            (output port)
  Path Group:             (none)
  Path Type:              Max at Slow Process Corner
  Data Path Delay:        15.584ns  (logic 4.975ns (31.920%)  route 10.610ns (68.080%))
  Logic Levels:           12  (LUT2=4 LUT4=1 LUT5=1 LUT6=5 OBUF=1)
  Clock Uncertainty:      0.025ns  ((TSJ^2 + TIJ^2)^1/2 + DJ) / 2 + PE
    Total System Jitter     (TSJ):    0.050ns
    Total Input Jitter      (TIJ):    0.000ns
    Discrete Jitter          (DJ):    0.000ns
    Phase Error              (PE):    0.000ns

    Location             Delay type                Incr(ns)  Path(ns)    Netlist Resource(s)
  -------------------------------------------------------------------    -------------------
                         (clock clk rise edge)        0.000     0.000 r  
    D23                                               0.000     0.000 r  clk (IN)
                         net (fo=0)                   0.000     0.000    clk
    D23                  IBUF (Prop_ibuf_I_O)         0.794     0.794 r  clk_IBUF_inst/O
                         net (fo=1, routed)           1.611     2.405    clk_IBUF
    BUFGCTRL_X0Y0        BUFG (Prop_bufg_I_O)         0.093     2.498 r  clk_IBUF_BUFG_inst/O
                         net (fo=840, routed)         1.655     4.153    GEN_RANK[4].GEN_BANK[0].u_bram_manager/clk
    RAMB36_X5Y1          RAMB36E1                                     r  GEN_RANK[4].GEN_BANK[0].u_bram_manager/bram_reg/CLKARDCLK
  -------------------------------------------------------------------    -------------------
    RAMB36_X5Y1          RAMB36E1 (Prop_ramb36e1_CLKARDCLK_DOBDO[20])
                                                      1.800     5.953 r  GEN_RANK[4].GEN_BANK[0].u_bram_manager/bram_reg/DOBDO[20]
                         net (fo=1, routed)           1.039     6.992    pe/matched_rule_index_OBUF[8]_inst_i_12_6[52]
    SLICE_X88Y15         LUT4 (Prop_lut4_I2_O)        0.043     7.035 f  pe/result_OBUF_inst_i_262/O
                         net (fo=2, routed)           1.048     8.084    pe/result_OBUF_inst_i_262_n_0
    SLICE_X68Y20         LUT6 (Prop_lut6_I5_O)        0.043     8.127 r  pe/result_OBUF_inst_i_74/O
                         net (fo=3, routed)           1.111     9.238    pe/bram_reg[326]
    SLICE_X52Y28         LUT2 (Prop_lut2_I1_O)        0.043     9.281 r  pe/matched_rule_index_OBUF[6]_inst_i_29/O
                         net (fo=3, routed)           0.599     9.880    pe/matched_rule_index_OBUF[6]_inst_i_29_n_0
    SLICE_X51Y24         LUT2 (Prop_lut2_I1_O)        0.051     9.931 f  pe/matched_rule_index_OBUF[8]_inst_i_32/O
                         net (fo=3, routed)           0.369    10.300    pe/matched_rule_index_OBUF[8]_inst_i_32_n_0
    SLICE_X49Y24         LUT2 (Prop_lut2_I0_O)        0.143    10.443 r  pe/matched_rule_index_OBUF[8]_inst_i_9/O
                         net (fo=2, routed)           0.356    10.799    pe/matched_rule_index_OBUF[8]_inst_i_9_n_0
    SLICE_X48Y24         LUT2 (Prop_lut2_I1_O)        0.143    10.942 f  pe/matched_rule_index_OBUF[8]_inst_i_2/O
                         net (fo=3, routed)           0.419    11.360    pe/matched_rule_index_OBUF[8]_inst_i_2_n_0
    SLICE_X46Y25         LUT6 (Prop_lut6_I2_O)        0.136    11.496 f  pe/matched_rule_index_OBUF[4]_inst_i_31/O
                         net (fo=1, routed)           0.574    12.070    pe/matched_rule_index_OBUF[4]_inst_i_31_n_0
    SLICE_X46Y31         LUT6 (Prop_lut6_I4_O)        0.043    12.113 f  pe/matched_rule_index_OBUF[4]_inst_i_24/O
                         net (fo=1, routed)           0.499    12.612    pe/matched_rule_index_OBUF[4]_inst_i_24_n_0
    SLICE_X42Y34         LUT6 (Prop_lut6_I1_O)        0.043    12.655 r  pe/matched_rule_index_OBUF[4]_inst_i_14/O
                         net (fo=1, routed)           0.754    13.409    pe/matched_rule_index_OBUF[4]_inst_i_14_n_0
    SLICE_X29Y37         LUT6 (Prop_lut6_I3_O)        0.043    13.452 f  pe/matched_rule_index_OBUF[4]_inst_i_5/O
                         net (fo=1, routed)           0.539    13.990    pe/matched_rule_index_OBUF[4]_inst_i_5_n_0
    SLICE_X29Y39         LUT5 (Prop_lut5_I3_O)        0.043    14.033 r  pe/matched_rule_index_OBUF[4]_inst_i_1/O
                         net (fo=1, routed)           3.303    17.337    matched_rule_index_OBUF[4]
    H23                  OBUF (Prop_obuf_I_O)         2.401    19.737 r  matched_rule_index_OBUF[4]_inst/O
                         net (fo=0)                   0.000    19.737    matched_rule_index[4]
    H23                                                               r  matched_rule_index[4] (OUT)
  -------------------------------------------------------------------    -------------------

Slack:                    inf
  Source:                 GEN_RANK[4].GEN_BANK[0].u_bram_manager/bram_reg/CLKARDCLK
                            (rising edge-triggered cell RAMB36E1 clocked by clk  {rise@0.000ns fall@5.000ns period=10.000ns})
  Destination:            matched_rule_index[5]
                            (output port)
  Path Group:             (none)
  Path Type:              Max at Slow Process Corner
  Data Path Delay:        15.382ns  (logic 4.970ns (32.310%)  route 10.412ns (67.690%))
  Logic Levels:           12  (LUT2=4 LUT4=1 LUT5=2 LUT6=4 OBUF=1)
  Clock Uncertainty:      0.025ns  ((TSJ^2 + TIJ^2)^1/2 + DJ) / 2 + PE
    Total System Jitter     (TSJ):    0.050ns
    Total Input Jitter      (TIJ):    0.000ns
    Discrete Jitter          (DJ):    0.000ns
    Phase Error              (PE):    0.000ns

    Location             Delay type                Incr(ns)  Path(ns)    Netlist Resource(s)
  -------------------------------------------------------------------    -------------------
                         (clock clk rise edge)        0.000     0.000 r  
    D23                                               0.000     0.000 r  clk (IN)
                         net (fo=0)                   0.000     0.000    clk
    D23                  IBUF (Prop_ibuf_I_O)         0.794     0.794 r  clk_IBUF_inst/O
                         net (fo=1, routed)           1.611     2.405    clk_IBUF
    BUFGCTRL_X0Y0        BUFG (Prop_bufg_I_O)         0.093     2.498 r  clk_IBUF_BUFG_inst/O
                         net (fo=840, routed)         1.655     4.153    GEN_RANK[4].GEN_BANK[0].u_bram_manager/clk
    RAMB36_X5Y1          RAMB36E1                                     r  GEN_RANK[4].GEN_BANK[0].u_bram_manager/bram_reg/CLKARDCLK
  -------------------------------------------------------------------    -------------------
    RAMB36_X5Y1          RAMB36E1 (Prop_ramb36e1_CLKARDCLK_DOBDO[20])
                                                      1.800     5.953 f  GEN_RANK[4].GEN_BANK[0].u_bram_manager/bram_reg/DOBDO[20]
                         net (fo=1, routed)           1.039     6.992    pe/matched_rule_index_OBUF[8]_inst_i_12_6[52]
    SLICE_X88Y15         LUT4 (Prop_lut4_I2_O)        0.043     7.035 r  pe/result_OBUF_inst_i_262/O
                         net (fo=2, routed)           1.048     8.084    pe/result_OBUF_inst_i_262_n_0
    SLICE_X68Y20         LUT6 (Prop_lut6_I5_O)        0.043     8.127 f  pe/result_OBUF_inst_i_74/O
                         net (fo=3, routed)           1.111     9.238    pe/bram_reg[326]
    SLICE_X52Y28         LUT2 (Prop_lut2_I1_O)        0.043     9.281 f  pe/matched_rule_index_OBUF[6]_inst_i_29/O
                         net (fo=3, routed)           0.599     9.880    pe/matched_rule_index_OBUF[6]_inst_i_29_n_0
    SLICE_X51Y24         LUT2 (Prop_lut2_I1_O)        0.051     9.931 r  pe/matched_rule_index_OBUF[8]_inst_i_32/O
                         net (fo=3, routed)           0.369    10.300    pe/matched_rule_index_OBUF[8]_inst_i_32_n_0
    SLICE_X49Y24         LUT2 (Prop_lut2_I0_O)        0.143    10.443 f  pe/matched_rule_index_OBUF[8]_inst_i_9/O
                         net (fo=2, routed)           0.356    10.799    pe/matched_rule_index_OBUF[8]_inst_i_9_n_0
    SLICE_X48Y24         LUT2 (Prop_lut2_I1_O)        0.143    10.942 r  pe/matched_rule_index_OBUF[8]_inst_i_2/O
                         net (fo=3, routed)           0.602    11.544    pe/matched_rule_index_OBUF[8]_inst_i_2_n_0
    SLICE_X47Y25         LUT6 (Prop_lut6_I4_O)        0.136    11.680 f  pe/matched_rule_index_OBUF[5]_inst_i_41/O
                         net (fo=1, routed)           0.772    12.452    pe/matched_rule_index_OBUF[5]_inst_i_41_n_0
    SLICE_X47Y31         LUT6 (Prop_lut6_I2_O)        0.043    12.495 r  pe/matched_rule_index_OBUF[5]_inst_i_24/O
                         net (fo=1, routed)           0.395    12.891    pe/matched_rule_index_OBUF[5]_inst_i_24_n_0
    SLICE_X47Y34         LUT5 (Prop_lut5_I1_O)        0.043    12.934 r  pe/matched_rule_index_OBUF[5]_inst_i_8/O
                         net (fo=1, routed)           0.599    13.533    pe/matched_rule_index_OBUF[5]_inst_i_8_n_0
    SLICE_X29Y37         LUT6 (Prop_lut6_I4_O)        0.043    13.576 r  pe/matched_rule_index_OBUF[5]_inst_i_2/O
                         net (fo=1, routed)           0.323    13.899    pe/matched_rule_index_OBUF[5]_inst_i_2_n_0
    SLICE_X28Y42         LUT5 (Prop_lut5_I0_O)        0.043    13.942 r  pe/matched_rule_index_OBUF[5]_inst_i_1/O
                         net (fo=1, routed)           3.197    17.139    matched_rule_index_OBUF[5]
    G21                  OBUF (Prop_obuf_I_O)         2.396    19.534 r  matched_rule_index_OBUF[5]_inst/O
                         net (fo=0)                   0.000    19.534    matched_rule_index[5]
    G21                                                               r  matched_rule_index[5] (OUT)
  -------------------------------------------------------------------    -------------------

Slack:                    inf
  Source:                 GEN_RANK[4].GEN_BANK[0].u_bram_manager/bram_reg/CLKARDCLK
                            (rising edge-triggered cell RAMB36E1 clocked by clk  {rise@0.000ns fall@5.000ns period=10.000ns})
  Destination:            matched_rule_index[6]
                            (output port)
  Path Group:             (none)
  Path Type:              Max at Slow Process Corner
  Data Path Delay:        14.852ns  (logic 4.819ns (32.445%)  route 10.034ns (67.555%))
  Logic Levels:           11  (LUT2=3 LUT3=1 LUT4=2 LUT6=4 OBUF=1)
  Clock Uncertainty:      0.025ns  ((TSJ^2 + TIJ^2)^1/2 + DJ) / 2 + PE
    Total System Jitter     (TSJ):    0.050ns
    Total Input Jitter      (TIJ):    0.000ns
    Discrete Jitter          (DJ):    0.000ns
    Phase Error              (PE):    0.000ns

    Location             Delay type                Incr(ns)  Path(ns)    Netlist Resource(s)
  -------------------------------------------------------------------    -------------------
                         (clock clk rise edge)        0.000     0.000 r  
    D23                                               0.000     0.000 r  clk (IN)
                         net (fo=0)                   0.000     0.000    clk
    D23                  IBUF (Prop_ibuf_I_O)         0.794     0.794 r  clk_IBUF_inst/O
                         net (fo=1, routed)           1.611     2.405    clk_IBUF
    BUFGCTRL_X0Y0        BUFG (Prop_bufg_I_O)         0.093     2.498 r  clk_IBUF_BUFG_inst/O
                         net (fo=840, routed)         1.655     4.153    GEN_RANK[4].GEN_BANK[0].u_bram_manager/clk
    RAMB36_X5Y1          RAMB36E1                                     r  GEN_RANK[4].GEN_BANK[0].u_bram_manager/bram_reg/CLKARDCLK
  -------------------------------------------------------------------    -------------------
    RAMB36_X5Y1          RAMB36E1 (Prop_ramb36e1_CLKARDCLK_DOADO[0])
                                                      1.800     5.953 f  GEN_RANK[4].GEN_BANK[0].u_bram_manager/bram_reg/DOADO[0]
                         net (fo=1, routed)           0.823     6.776    pe/matched_rule_index_OBUF[8]_inst_i_12_6[0]
    SLICE_X88Y14         LUT4 (Prop_lut4_I2_O)        0.043     6.819 r  pe/result_OBUF_inst_i_627/O
                         net (fo=1, routed)           1.103     7.922    pe/result_OBUF_inst_i_627_n_0
    SLICE_X67Y20         LUT6 (Prop_lut6_I5_O)        0.043     7.965 f  pe/result_OBUF_inst_i_330/O
                         net (fo=4, routed)           1.239     9.204    pe/bram_reg[274]
    SLICE_X45Y23         LUT2 (Prop_lut2_I1_O)        0.043     9.247 f  pe/matched_rule_index_OBUF[8]_inst_i_208/O
                         net (fo=2, routed)           0.237     9.484    pe/matched_rule_index_OBUF[8]_inst_i_208_n_0
    SLICE_X45Y23         LUT3 (Prop_lut3_I2_O)        0.049     9.533 r  pe/matched_rule_index_OBUF[8]_inst_i_124/O
                         net (fo=2, routed)           0.411     9.944    pe/matched_rule_index_OBUF[8]_inst_i_124_n_0
    SLICE_X48Y22         LUT2 (Prop_lut2_I1_O)        0.136    10.080 r  pe/matched_rule_index_OBUF[8]_inst_i_52/O
                         net (fo=3, routed)           0.583    10.663    pe/matched_rule_index_OBUF[8]_inst_i_52_n_0
    SLICE_X47Y25         LUT2 (Prop_lut2_I1_O)        0.050    10.713 r  pe/matched_rule_index_OBUF[8]_inst_i_18/O
                         net (fo=3, routed)           0.370    11.083    pe/matched_rule_index_OBUF[8]_inst_i_18_n_0
    SLICE_X46Y25         LUT4 (Prop_lut4_I2_O)        0.135    11.218 r  pe/matched_rule_index_OBUF[8]_inst_i_5/O
                         net (fo=2, routed)           0.591    11.810    pe/matched_rule_index_OBUF[8]_inst_i_5_n_0
    SLICE_X49Y24         LUT6 (Prop_lut6_I4_O)        0.043    11.853 r  pe/matched_rule_index_OBUF[6]_inst_i_8/O
                         net (fo=1, routed)           0.801    12.654    pe/matched_rule_index_OBUF[6]_inst_i_8_n_0
    SLICE_X47Y31         LUT6 (Prop_lut6_I2_O)        0.043    12.697 r  pe/matched_rule_index_OBUF[6]_inst_i_2/O
                         net (fo=1, routed)           0.892    13.589    pe/matched_rule_index_OBUF[6]_inst_i_2_n_0
    SLICE_X28Y37         LUT6 (Prop_lut6_I0_O)        0.043    13.632 r  pe/matched_rule_index_OBUF[6]_inst_i_1/O
                         net (fo=1, routed)           2.982    16.614    matched_rule_index_OBUF[6]
    H21                  OBUF (Prop_obuf_I_O)         2.391    19.005 r  matched_rule_index_OBUF[6]_inst/O
                         net (fo=0)                   0.000    19.005    matched_rule_index[6]
    H21                                                               r  matched_rule_index[6] (OUT)
  -------------------------------------------------------------------    -------------------

Slack:                    inf
  Source:                 GEN_RANK[4].GEN_BANK[0].u_bram_manager/bram_reg/CLKARDCLK
                            (rising edge-triggered cell RAMB36E1 clocked by clk  {rise@0.000ns fall@5.000ns period=10.000ns})
  Destination:            result
                            (output port)
  Path Group:             (none)
  Path Type:              Max at Slow Process Corner
  Data Path Delay:        14.606ns  (logic 4.613ns (31.585%)  route 9.992ns (68.415%))
  Logic Levels:           8  (LUT4=2 LUT5=2 LUT6=3 OBUF=1)
  Clock Uncertainty:      0.025ns  ((TSJ^2 + TIJ^2)^1/2 + DJ) / 2 + PE
    Total System Jitter     (TSJ):    0.050ns
    Total Input Jitter      (TIJ):    0.000ns
    Discrete Jitter          (DJ):    0.000ns
    Phase Error              (PE):    0.000ns

    Location             Delay type                Incr(ns)  Path(ns)    Netlist Resource(s)
  -------------------------------------------------------------------    -------------------
                         (clock clk rise edge)        0.000     0.000 r  
    D23                                               0.000     0.000 r  clk (IN)
                         net (fo=0)                   0.000     0.000    clk
    D23                  IBUF (Prop_ibuf_I_O)         0.794     0.794 r  clk_IBUF_inst/O
                         net (fo=1, routed)           1.611     2.405    clk_IBUF
    BUFGCTRL_X0Y0        BUFG (Prop_bufg_I_O)         0.093     2.498 r  clk_IBUF_BUFG_inst/O
                         net (fo=840, routed)         1.655     4.153    GEN_RANK[4].GEN_BANK[0].u_bram_manager/clk
    RAMB36_X5Y1          RAMB36E1                                     r  GEN_RANK[4].GEN_BANK[0].u_bram_manager/bram_reg/CLKARDCLK
  -------------------------------------------------------------------    -------------------
    RAMB36_X5Y1          RAMB36E1 (Prop_ramb36e1_CLKARDCLK_DOADO[18])
                                                      1.800     5.953 r  GEN_RANK[4].GEN_BANK[0].u_bram_manager/bram_reg/DOADO[18]
                         net (fo=1, routed)           0.871     6.824    pe/matched_rule_index_OBUF[8]_inst_i_12_6[18]
    SLICE_X90Y15         LUT4 (Prop_lut4_I2_O)        0.043     6.867 f  pe/result_OBUF_inst_i_754/O
                         net (fo=1, routed)           1.091     7.958    pe/result_OBUF_inst_i_754_n_0
    SLICE_X68Y19         LUT6 (Prop_lut6_I5_O)        0.043     8.001 r  pe/result_OBUF_inst_i_624/O
                         net (fo=4, routed)           0.908     8.909    merged_match_data[306]
    SLICE_X52Y21         LUT4 (Prop_lut4_I2_O)        0.051     8.960 r  result_OBUF_inst_i_329/O
                         net (fo=1, routed)           1.394    10.354    result_OBUF_inst_i_329_n_0
    SLICE_X26Y44         LUT5 (Prop_lut5_I4_O)        0.136    10.490 r  result_OBUF_inst_i_99/O
                         net (fo=1, routed)           1.478    11.968    result_OBUF_inst_i_99_n_0
    SLICE_X49Y21         LUT6 (Prop_lut6_I5_O)        0.043    12.011 r  result_OBUF_inst_i_17/O
                         net (fo=1, routed)           0.670    12.681    result_OBUF_inst_i_17_n_0
    SLICE_X42Y31         LUT5 (Prop_lut5_I3_O)        0.043    12.724 r  result_OBUF_inst_i_3/O
                         net (fo=1, routed)           0.244    12.968    result_OBUF_inst_i_3_n_0
    SLICE_X42Y31         LUT6 (Prop_lut6_I1_O)        0.043    13.011 r  result_OBUF_inst_i_1/O
                         net (fo=1, routed)           3.336    16.347    result_OBUF
    F25                  OBUF (Prop_obuf_I_O)         2.411    18.758 r  result_OBUF_inst/O
                         net (fo=0)                   0.000    18.758    result
    F25                                                               r  result (OUT)
  -------------------------------------------------------------------    -------------------

Slack:                    inf
  Source:                 GEN_RANK[0].GEN_BANK[1].u_bram_manager/bram_reg/CLKARDCLK
                            (rising edge-triggered cell RAMB36E1 clocked by clk  {rise@0.000ns fall@5.000ns period=10.000ns})
  Destination:            matched_rule_index[8]
                            (output port)
  Path Group:             (none)
  Path Type:              Max at Slow Process Corner
  Data Path Delay:        13.893ns  (logic 4.665ns (33.576%)  route 9.228ns (66.424%))
  Logic Levels:           9  (LUT2=2 LUT4=1 LUT6=5 OBUF=1)
  Clock Uncertainty:      0.025ns  ((TSJ^2 + TIJ^2)^1/2 + DJ) / 2 + PE
    Total System Jitter     (TSJ):    0.050ns
    Total Input Jitter      (TIJ):    0.000ns
    Discrete Jitter          (DJ):    0.000ns
    Phase Error              (PE):    0.000ns

    Location             Delay type                Incr(ns)  Path(ns)    Netlist Resource(s)
  -------------------------------------------------------------------    -------------------
                         (clock clk rise edge)        0.000     0.000 r  
    D23                                               0.000     0.000 r  clk (IN)
                         net (fo=0)                   0.000     0.000    clk
    D23                  IBUF (Prop_ibuf_I_O)         0.794     0.794 r  clk_IBUF_inst/O
                         net (fo=1, routed)           1.611     2.405    clk_IBUF
    BUFGCTRL_X0Y0        BUFG (Prop_bufg_I_O)         0.093     2.498 r  clk_IBUF_BUFG_inst/O
                         net (fo=840, routed)         1.603     4.101    GEN_RANK[0].GEN_BANK[1].u_bram_manager/clk
    RAMB36_X2Y9          RAMB36E1                                     r  GEN_RANK[0].GEN_BANK[1].u_bram_manager/bram_reg/CLKARDCLK
  -------------------------------------------------------------------    -------------------
    RAMB36_X2Y9          RAMB36E1 (Prop_ramb36e1_CLKARDCLK_DOADO[5])
                                                      1.800     5.901 f  GEN_RANK[0].GEN_BANK[1].u_bram_manager/bram_reg/DOADO[5]
                         net (fo=1, routed)           0.800     6.701    pe/matched_rule_index_OBUF[1]_inst_i_66_5[5]
    SLICE_X48Y57         LUT4 (Prop_lut4_I1_O)        0.043     6.744 r  pe/matched_rule_index_OBUF[0]_inst_i_34/O
                         net (fo=1, routed)           0.922     7.666    pe/matched_rule_index_OBUF[0]_inst_i_34_n_0
    SLICE_X24Y57         LUT6 (Prop_lut6_I5_O)        0.043     7.709 f  pe/matched_rule_index_OBUF[0]_inst_i_9/O
                         net (fo=4, routed)           0.855     8.564    pe/bram_reg[5]
    SLICE_X26Y46         LUT2 (Prop_lut2_I1_O)        0.049     8.613 f  pe/matched_rule_index_OBUF[3]_inst_i_10/O
                         net (fo=3, routed)           0.534     9.146    pe/matched_rule_index_OBUF[3]_inst_i_10_n_0
    SLICE_X27Y42         LUT2 (Prop_lut2_I0_O)        0.136     9.282 f  pe/matched_rule_index_OBUF[3]_inst_i_3/O
                         net (fo=3, routed)           0.288     9.570    pe/matched_rule_index_OBUF[3]_inst_i_3_n_0
    SLICE_X28Y43         LUT6 (Prop_lut6_I0_O)        0.043     9.613 f  pe/matched_rule_index_OBUF[5]_inst_i_6/O
                         net (fo=2, routed)           0.401    10.014    pe/matched_rule_index_OBUF[5]_inst_i_6_n_0
    SLICE_X28Y42         LUT6 (Prop_lut6_I4_O)        0.043    10.057 f  pe/matched_rule_index_OBUF[6]_inst_i_7/O
                         net (fo=2, routed)           0.614    10.671    pe/matched_rule_index_OBUF[6]_inst_i_7_n_0
    SLICE_X28Y39         LUT6 (Prop_lut6_I2_O)        0.043    10.714 f  pe/matched_rule_index_OBUF[8]_inst_i_7/O
                         net (fo=2, routed)           1.042    11.756    pe/matched_rule_index_OBUF[8]_inst_i_7_n_0
    SLICE_X46Y25         LUT6 (Prop_lut6_I5_O)        0.043    11.799 r  pe/matched_rule_index_OBUF[8]_inst_i_1/O
                         net (fo=1, routed)           3.774    15.572    matched_rule_index_OBUF[8]
    J26                  OBUF (Prop_obuf_I_O)         2.422    17.994 r  matched_rule_index_OBUF[8]_inst/O
                         net (fo=0)                   0.000    17.994    matched_rule_index[8]
    J26                                                               r  matched_rule_index[8] (OUT)
  -------------------------------------------------------------------    -------------------

Slack:                    inf
  Source:                 GEN_RANK[3].GEN_BANK[9].u_bram_manager/bram_reg/CLKARDCLK
                            (rising edge-triggered cell RAMB36E1 clocked by clk  {rise@0.000ns fall@5.000ns period=10.000ns})
  Destination:            matched_rule_index[7]
                            (output port)
  Path Group:             (none)
  Path Type:              Max at Slow Process Corner
  Data Path Delay:        13.624ns  (logic 4.609ns (33.834%)  route 9.014ns (66.166%))
  Logic Levels:           8  (LUT2=1 LUT4=1 LUT5=2 LUT6=3 OBUF=1)
  Clock Uncertainty:      0.025ns  ((TSJ^2 + TIJ^2)^1/2 + DJ) / 2 + PE
    Total System Jitter     (TSJ):    0.050ns
    Total Input Jitter      (TIJ):    0.000ns
    Discrete Jitter          (DJ):    0.000ns
    Phase Error              (PE):    0.000ns

    Location             Delay type                Incr(ns)  Path(ns)    Netlist Resource(s)
  -------------------------------------------------------------------    -------------------
                         (clock clk rise edge)        0.000     0.000 r  
    D23                                               0.000     0.000 r  clk (IN)
                         net (fo=0)                   0.000     0.000    clk
    D23                  IBUF (Prop_ibuf_I_O)         0.794     0.794 r  clk_IBUF_inst/O
                         net (fo=1, routed)           1.611     2.405    clk_IBUF
    BUFGCTRL_X0Y0        BUFG (Prop_bufg_I_O)         0.093     2.498 r  clk_IBUF_BUFG_inst/O
                         net (fo=840, routed)         1.659     4.157    GEN_RANK[3].GEN_BANK[9].u_bram_manager/clk
    RAMB36_X0Y0          RAMB36E1                                     r  GEN_RANK[3].GEN_BANK[9].u_bram_manager/bram_reg/CLKARDCLK
  -------------------------------------------------------------------    -------------------
    RAMB36_X0Y0          RAMB36E1 (Prop_ramb36e1_CLKARDCLK_DOADO[24])
                                                      1.800     5.957 r  GEN_RANK[3].GEN_BANK[9].u_bram_manager/bram_reg/DOADO[24]
                         net (fo=1, routed)           0.767     6.724    pe/result_OBUF_inst_i_61_4[24]
    SLICE_X9Y11          LUT4 (Prop_lut4_I0_O)        0.043     6.767 f  pe/result_OBUF_inst_i_470/O
                         net (fo=1, routed)           1.373     8.140    pe/result_OBUF_inst_i_470_n_0
    SLICE_X48Y16         LUT6 (Prop_lut6_I5_O)        0.043     8.183 r  pe/result_OBUF_inst_i_183/O
                         net (fo=4, routed)           0.976     9.159    pe/bram_reg[226]
    SLICE_X46Y26         LUT2 (Prop_lut2_I1_O)        0.051     9.210 r  pe/matched_rule_index_OBUF[8]_inst_i_61/O
                         net (fo=4, routed)           0.771     9.980    pe/matched_rule_index_OBUF[8]_inst_i_61_n_0
    SLICE_X46Y32         LUT5 (Prop_lut5_I4_O)        0.134    10.114 r  pe/matched_rule_index_OBUF[7]_inst_i_52/O
                         net (fo=1, routed)           0.497    10.612    pe/matched_rule_index_OBUF[7]_inst_i_52_n_0
    SLICE_X48Y32         LUT6 (Prop_lut6_I0_O)        0.043    10.655 r  pe/matched_rule_index_OBUF[7]_inst_i_15/O
                         net (fo=1, routed)           0.236    10.890    pe/matched_rule_index_OBUF[7]_inst_i_15_n_0
    SLICE_X48Y32         LUT6 (Prop_lut6_I5_O)        0.043    10.933 r  pe/matched_rule_index_OBUF[7]_inst_i_4/O
                         net (fo=1, routed)           0.706    11.640    pe/matched_rule_index_OBUF[7]_inst_i_4_n_0
    SLICE_X41Y33         LUT5 (Prop_lut5_I2_O)        0.043    11.683 r  pe/matched_rule_index_OBUF[7]_inst_i_1/O
                         net (fo=1, routed)           3.689    15.371    matched_rule_index_OBUF[7]
    H26                  OBUF (Prop_obuf_I_O)         2.409    17.781 r  matched_rule_index_OBUF[7]_inst/O
                         net (fo=0)                   0.000    17.781    matched_rule_index[7]
    H26                                                               r  matched_rule_index[7] (OUT)
  -------------------------------------------------------------------    -------------------





Min Delay Paths
--------------------------------------------------------------------------------------
Slack:                    inf
  Source:                 GEN_RANK[1].GEN_BANK[6].u_bram_manager/resp_valid_reg/C
                            (rising edge-triggered cell FDRE clocked by clk  {rise@0.000ns fall@5.000ns period=10.000ns})
  Destination:            resp_valid
                            (output port)
  Path Group:             (none)
  Path Type:              Min at Fast Process Corner
  Data Path Delay:        3.005ns  (logic 1.514ns (50.390%)  route 1.491ns (49.610%))
  Logic Levels:           3  (LUT5=1 LUT6=1 OBUF=1)
  Clock Uncertainty:      0.025ns  ((TSJ^2 + TIJ^2)^1/2 + DJ) / 2 + PE
    Total System Jitter     (TSJ):    0.050ns
    Total Input Jitter      (TIJ):    0.000ns
    Discrete Jitter          (DJ):    0.000ns
    Phase Error              (PE):    0.000ns

    Location             Delay type                Incr(ns)  Path(ns)    Netlist Resource(s)
  -------------------------------------------------------------------    -------------------
                         (clock clk rise edge)        0.000     0.000 r  
    D23                                               0.000     0.000 r  clk (IN)
                         net (fo=0)                   0.000     0.000    clk
    D23                  IBUF (Prop_ibuf_I_O)         0.136     0.136 r  clk_IBUF_inst/O
                         net (fo=1, routed)           0.704     0.840    clk_IBUF
    BUFGCTRL_X0Y0        BUFG (Prop_bufg_I_O)         0.026     0.866 r  clk_IBUF_BUFG_inst/O
                         net (fo=840, routed)         0.677     1.543    GEN_RANK[1].GEN_BANK[6].u_bram_manager/clk
    SLICE_X18Y30         FDRE                                         r  GEN_RANK[1].GEN_BANK[6].u_bram_manager/resp_valid_reg/C
  -------------------------------------------------------------------    -------------------
    SLICE_X18Y30         FDRE (Prop_fdre_C_Q)         0.118     1.661 r  GEN_RANK[1].GEN_BANK[6].u_bram_manager/resp_valid_reg/Q
                         net (fo=1, routed)           0.053     1.713    GEN_RANK[1].GEN_BANK[6].u_bram_manager_n_0
    SLICE_X19Y30         LUT6 (Prop_lut6_I2_O)        0.028     1.741 r  resp_valid_OBUF_inst_i_2/O
                         net (fo=1, routed)           0.229     1.970    resp_valid_OBUF_inst_i_2_n_0
    SLICE_X19Y32         LUT5 (Prop_lut5_I0_O)        0.028     1.998 r  resp_valid_OBUF_inst_i_1/O
                         net (fo=1, routed)           1.209     3.208    resp_valid_OBUF
    E26                  OBUF (Prop_obuf_I_O)         1.340     4.548 r  resp_valid_OBUF_inst/O
                         net (fo=0)                   0.000     4.548    resp_valid
    E26                                                               r  resp_valid (OUT)
  -------------------------------------------------------------------    -------------------

Slack:                    inf
  Source:                 GEN_RANK[0].GEN_BANK[5].u_bram_manager/bram_reg/CLKARDCLK
                            (rising edge-triggered cell RAMB36E1 clocked by clk  {rise@0.000ns fall@5.000ns period=10.000ns})
  Destination:            matched_rule_index[0]
                            (output port)
  Path Group:             (none)
  Path Type:              Min at Fast Process Corner
  Data Path Delay:        3.943ns  (logic 1.957ns (49.638%)  route 1.986ns (50.362%))
  Logic Levels:           3  (LUT6=2 OBUF=1)
  Clock Uncertainty:      0.025ns  ((TSJ^2 + TIJ^2)^1/2 + DJ) / 2 + PE
    Total System Jitter     (TSJ):    0.050ns
    Total Input Jitter      (TIJ):    0.000ns
    Discrete Jitter          (DJ):    0.000ns
    Phase Error              (PE):    0.000ns

    Location             Delay type                Incr(ns)  Path(ns)    Netlist Resource(s)
  -------------------------------------------------------------------    -------------------
                         (clock clk rise edge)        0.000     0.000 r  
    D23                                               0.000     0.000 r  clk (IN)
                         net (fo=0)                   0.000     0.000    clk
    D23                  IBUF (Prop_ibuf_I_O)         0.136     0.136 r  clk_IBUF_inst/O
                         net (fo=1, routed)           0.704     0.840    clk_IBUF
    BUFGCTRL_X0Y0        BUFG (Prop_bufg_I_O)         0.026     0.866 r  clk_IBUF_BUFG_inst/O
                         net (fo=840, routed)         0.661     1.526    GEN_RANK[0].GEN_BANK[5].u_bram_manager/clk
    RAMB36_X1Y11         RAMB36E1                                     r  GEN_RANK[0].GEN_BANK[5].u_bram_manager/bram_reg/CLKARDCLK
  -------------------------------------------------------------------    -------------------
    RAMB36_X1Y11         RAMB36E1 (Prop_ramb36e1_CLKARDCLK_DOADO[0])
                                                      0.585     2.111 f  GEN_RANK[0].GEN_BANK[5].u_bram_manager/bram_reg/DOADO[0]
                         net (fo=1, routed)           0.331     2.442    pe/result_OBUF_inst_i_177[0]
    SLICE_X24Y50         LUT6 (Prop_lut6_I1_O)        0.028     2.470 f  pe/matched_rule_index_OBUF[0]_inst_i_7/O
                         net (fo=3, routed)           0.265     2.735    pe/bram_reg[0]
    SLICE_X25Y46         LUT6 (Prop_lut6_I5_O)        0.028     2.763 r  pe/matched_rule_index_OBUF[0]_inst_i_1/O
                         net (fo=1, routed)           1.390     4.153    matched_rule_index_OBUF[0]
    J24                  OBUF (Prop_obuf_I_O)         1.316     5.469 r  matched_rule_index_OBUF[0]_inst/O
                         net (fo=0)                   0.000     5.469    matched_rule_index[0]
    J24                                                               r  matched_rule_index[0] (OUT)
  -------------------------------------------------------------------    -------------------

Slack:                    inf
  Source:                 GEN_RANK[0].GEN_BANK[2].u_bram_manager/bram_reg/CLKARDCLK
                            (rising edge-triggered cell RAMB36E1 clocked by clk  {rise@0.000ns fall@5.000ns period=10.000ns})
  Destination:            matched_rule_index[3]
                            (output port)
  Path Group:             (none)
  Path Type:              Min at Fast Process Corner
  Data Path Delay:        4.058ns  (logic 1.961ns (48.313%)  route 2.098ns (51.687%))
  Logic Levels:           3  (LUT5=1 LUT6=1 OBUF=1)
  Clock Uncertainty:      0.025ns  ((TSJ^2 + TIJ^2)^1/2 + DJ) / 2 + PE
    Total System Jitter     (TSJ):    0.050ns
    Total Input Jitter      (TIJ):    0.000ns
    Discrete Jitter          (DJ):    0.000ns
    Phase Error              (PE):    0.000ns

    Location             Delay type                Incr(ns)  Path(ns)    Netlist Resource(s)
  -------------------------------------------------------------------    -------------------
                         (clock clk rise edge)        0.000     0.000 r  
    D23                                               0.000     0.000 r  clk (IN)
                         net (fo=0)                   0.000     0.000    clk
    D23                  IBUF (Prop_ibuf_I_O)         0.136     0.136 r  clk_IBUF_inst/O
                         net (fo=1, routed)           0.704     0.840    clk_IBUF
    BUFGCTRL_X0Y0        BUFG (Prop_bufg_I_O)         0.026     0.866 r  clk_IBUF_BUFG_inst/O
                         net (fo=840, routed)         0.662     1.527    GEN_RANK[0].GEN_BANK[2].u_bram_manager/clk
    RAMB36_X1Y10         RAMB36E1                                     r  GEN_RANK[0].GEN_BANK[2].u_bram_manager/bram_reg/CLKARDCLK
  -------------------------------------------------------------------    -------------------
    RAMB36_X1Y10         RAMB36E1 (Prop_ramb36e1_CLKARDCLK_DOADO[7])
                                                      0.585     2.112 f  GEN_RANK[0].GEN_BANK[2].u_bram_manager/bram_reg/DOADO[7]
                         net (fo=1, routed)           0.282     2.395    pe/resp_rdata[7]
    SLICE_X24Y54         LUT6 (Prop_lut6_I0_O)        0.028     2.423 f  pe/matched_rule_index_OBUF[3]_inst_i_4/O
                         net (fo=4, routed)           0.345     2.767    pe/merged_match_data[7]
    SLICE_X29Y43         LUT5 (Prop_lut5_I3_O)        0.028     2.795 r  pe/matched_rule_index_OBUF[3]_inst_i_1/O
                         net (fo=1, routed)           1.471     4.266    matched_rule_index_OBUF[3]
    H24                  OBUF (Prop_obuf_I_O)         1.320     5.586 r  matched_rule_index_OBUF[3]_inst/O
                         net (fo=0)                   0.000     5.586    matched_rule_index[3]
    H24                                                               r  matched_rule_index[3] (OUT)
  -------------------------------------------------------------------    -------------------

Slack:                    inf
  Source:                 GEN_RANK[0].GEN_BANK[5].u_bram_manager/bram_reg/CLKARDCLK
                            (rising edge-triggered cell RAMB36E1 clocked by clk  {rise@0.000ns fall@5.000ns period=10.000ns})
  Destination:            matched_rule_index[2]
                            (output port)
  Path Group:             (none)
  Path Type:              Min at Fast Process Corner
  Data Path Delay:        4.088ns  (logic 1.974ns (48.290%)  route 2.114ns (51.710%))
  Logic Levels:           3  (LUT3=1 LUT6=1 OBUF=1)
  Clock Uncertainty:      0.025ns  ((TSJ^2 + TIJ^2)^1/2 + DJ) / 2 + PE
    Total System Jitter     (TSJ):    0.050ns
    Total Input Jitter      (TIJ):    0.000ns
    Discrete Jitter          (DJ):    0.000ns
    Phase Error              (PE):    0.000ns

    Location             Delay type                Incr(ns)  Path(ns)    Netlist Resource(s)
  -------------------------------------------------------------------    -------------------
                         (clock clk rise edge)        0.000     0.000 r  
    D23                                               0.000     0.000 r  clk (IN)
                         net (fo=0)                   0.000     0.000    clk
    D23                  IBUF (Prop_ibuf_I_O)         0.136     0.136 r  clk_IBUF_inst/O
                         net (fo=1, routed)           0.704     0.840    clk_IBUF
    BUFGCTRL_X0Y0        BUFG (Prop_bufg_I_O)         0.026     0.866 r  clk_IBUF_BUFG_inst/O
                         net (fo=840, routed)         0.661     1.526    GEN_RANK[0].GEN_BANK[5].u_bram_manager/clk
    RAMB36_X1Y11         RAMB36E1                                     r  GEN_RANK[0].GEN_BANK[5].u_bram_manager/bram_reg/CLKARDCLK
  -------------------------------------------------------------------    -------------------
    RAMB36_X1Y11         RAMB36E1 (Prop_ramb36e1_CLKARDCLK_DOADO[3])
                                                      0.585     2.111 f  GEN_RANK[0].GEN_BANK[5].u_bram_manager/bram_reg/DOADO[3]
                         net (fo=1, routed)           0.250     2.362    pe/result_OBUF_inst_i_177[3]
    SLICE_X23Y55         LUT6 (Prop_lut6_I1_O)        0.028     2.390 f  pe/matched_rule_index_OBUF[2]_inst_i_3/O
                         net (fo=6, routed)           0.526     2.916    pe/bram_reg[3]
    SLICE_X27Y42         LUT3 (Prop_lut3_I2_O)        0.028     2.944 r  pe/matched_rule_index_OBUF[2]_inst_i_1/O
                         net (fo=1, routed)           1.337     4.281    matched_rule_index_OBUF[2]
    J21                  OBUF (Prop_obuf_I_O)         1.333     5.615 r  matched_rule_index_OBUF[2]_inst/O
                         net (fo=0)                   0.000     5.615    matched_rule_index[2]
    J21                                                               r  matched_rule_index[2] (OUT)
  -------------------------------------------------------------------    -------------------

Slack:                    inf
  Source:                 GEN_RANK[1].GEN_BANK[2].u_bram_manager/bram_reg/CLKARDCLK
                            (rising edge-triggered cell RAMB36E1 clocked by clk  {rise@0.000ns fall@5.000ns period=10.000ns})
  Destination:            matched_rule_index[1]
                            (output port)
  Path Group:             (none)
  Path Type:              Min at Fast Process Corner
  Data Path Delay:        4.074ns  (logic 2.001ns (49.126%)  route 2.073ns (50.874%))
  Logic Levels:           4  (LUT6=3 OBUF=1)
  Clock Uncertainty:      0.025ns  ((TSJ^2 + TIJ^2)^1/2 + DJ) / 2 + PE
    Total System Jitter     (TSJ):    0.050ns
    Total Input Jitter      (TIJ):    0.000ns
    Discrete Jitter          (DJ):    0.000ns
    Phase Error              (PE):    0.000ns

    Location             Delay type                Incr(ns)  Path(ns)    Netlist Resource(s)
  -------------------------------------------------------------------    -------------------
                         (clock clk rise edge)        0.000     0.000 r  
    D23                                               0.000     0.000 r  clk (IN)
                         net (fo=0)                   0.000     0.000    clk
    D23                  IBUF (Prop_ibuf_I_O)         0.136     0.136 r  clk_IBUF_inst/O
                         net (fo=1, routed)           0.704     0.840    clk_IBUF
    BUFGCTRL_X0Y0        BUFG (Prop_bufg_I_O)         0.026     0.866 r  clk_IBUF_BUFG_inst/O
                         net (fo=840, routed)         0.712     1.577    GEN_RANK[1].GEN_BANK[2].u_bram_manager/clk
    RAMB36_X1Y7          RAMB36E1                                     r  GEN_RANK[1].GEN_BANK[2].u_bram_manager/bram_reg/CLKARDCLK
  -------------------------------------------------------------------    -------------------
    RAMB36_X1Y7          RAMB36E1 (Prop_ramb36e1_CLKARDCLK_DOADO[11])
                                                      0.585     2.162 r  GEN_RANK[1].GEN_BANK[2].u_bram_manager/bram_reg/DOADO[11]
                         net (fo=1, routed)           0.273     2.435    pe/result_OBUF_inst_i_428[11]
    SLICE_X24Y36         LUT6 (Prop_lut6_I0_O)        0.028     2.463 r  pe/matched_rule_index_OBUF[1]_inst_i_8/O
                         net (fo=5, routed)           0.228     2.691    pe/bram_reg[81]
    SLICE_X26Y37         LUT6 (Prop_lut6_I0_O)        0.028     2.719 r  pe/matched_rule_index_OBUF[1]_inst_i_3/O
                         net (fo=1, routed)           0.055     2.774    pe/matched_rule_index_OBUF[1]_inst_i_3_n_0
    SLICE_X26Y37         LUT6 (Prop_lut6_I1_O)        0.028     2.802 r  pe/matched_rule_index_OBUF[1]_inst_i_1/O
                         net (fo=1, routed)           1.517     4.319    matched_rule_index_OBUF[1]
    H22                  OBUF (Prop_obuf_I_O)         1.332     5.652 r  matched_rule_index_OBUF[1]_inst/O
                         net (fo=0)                   0.000     5.652    matched_rule_index[1]
    H22                                                               r  matched_rule_index[1] (OUT)
  -------------------------------------------------------------------    -------------------

Slack:                    inf
  Source:                 GEN_RANK[0].GEN_BANK[2].u_bram_manager/bram_reg/CLKARDCLK
                            (rising edge-triggered cell RAMB36E1 clocked by clk  {rise@0.000ns fall@5.000ns period=10.000ns})
  Destination:            matched_rule_index[5]
                            (output port)
  Path Group:             (none)
  Path Type:              Min at Fast Process Corner
  Data Path Delay:        4.258ns  (logic 1.989ns (46.697%)  route 2.270ns (53.303%))
  Logic Levels:           4  (LUT5=1 LUT6=2 OBUF=1)
  Clock Uncertainty:      0.025ns  ((TSJ^2 + TIJ^2)^1/2 + DJ) / 2 + PE
    Total System Jitter     (TSJ):    0.050ns
    Total Input Jitter      (TIJ):    0.000ns
    Discrete Jitter          (DJ):    0.000ns
    Phase Error              (PE):    0.000ns

    Location             Delay type                Incr(ns)  Path(ns)    Netlist Resource(s)
  -------------------------------------------------------------------    -------------------
                         (clock clk rise edge)        0.000     0.000 r  
    D23                                               0.000     0.000 r  clk (IN)
                         net (fo=0)                   0.000     0.000    clk
    D23                  IBUF (Prop_ibuf_I_O)         0.136     0.136 r  clk_IBUF_inst/O
                         net (fo=1, routed)           0.704     0.840    clk_IBUF
    BUFGCTRL_X0Y0        BUFG (Prop_bufg_I_O)         0.026     0.866 r  clk_IBUF_BUFG_inst/O
                         net (fo=840, routed)         0.662     1.527    GEN_RANK[0].GEN_BANK[2].u_bram_manager/clk
    RAMB36_X1Y10         RAMB36E1                                     r  GEN_RANK[0].GEN_BANK[2].u_bram_manager/bram_reg/CLKARDCLK
  -------------------------------------------------------------------    -------------------
    RAMB36_X1Y10         RAMB36E1 (Prop_ramb36e1_CLKARDCLK_DOADO[30])
                                                      0.585     2.112 f  GEN_RANK[0].GEN_BANK[2].u_bram_manager/bram_reg/DOADO[30]
                         net (fo=1, routed)           0.190     2.302    pe/resp_rdata[30]
    SLICE_X23Y52         LUT6 (Prop_lut6_I0_O)        0.028     2.330 f  pe/matched_rule_index_OBUF[5]_inst_i_12/O
                         net (fo=8, routed)           0.381     2.711    pe/bram_reg[28]
    SLICE_X27Y43         LUT6 (Prop_lut6_I3_O)        0.028     2.739 f  pe/matched_rule_index_OBUF[5]_inst_i_3/O
                         net (fo=2, routed)           0.186     2.925    pe/matched_rule_index_OBUF[5]_inst_i_3_n_0
    SLICE_X28Y42         LUT5 (Prop_lut5_I1_O)        0.028     2.953 r  pe/matched_rule_index_OBUF[5]_inst_i_1/O
                         net (fo=1, routed)           1.514     4.466    matched_rule_index_OBUF[5]
    G21                  OBUF (Prop_obuf_I_O)         1.320     5.786 r  matched_rule_index_OBUF[5]_inst/O
                         net (fo=0)                   0.000     5.786    matched_rule_index[5]
    G21                                                               r  matched_rule_index[5] (OUT)
  -------------------------------------------------------------------    -------------------

Slack:                    inf
  Source:                 GEN_RANK[1].GEN_BANK[3].u_bram_manager/bram_reg/CLKARDCLK
                            (rising edge-triggered cell RAMB36E1 clocked by clk  {rise@0.000ns fall@5.000ns period=10.000ns})
  Destination:            matched_rule_index[6]
                            (output port)
  Path Group:             (none)
  Path Type:              Min at Fast Process Corner
  Data Path Delay:        4.227ns  (logic 2.012ns (47.588%)  route 2.216ns (52.412%))
  Logic Levels:           5  (LUT4=1 LUT6=3 OBUF=1)
  Clock Uncertainty:      0.025ns  ((TSJ^2 + TIJ^2)^1/2 + DJ) / 2 + PE
    Total System Jitter     (TSJ):    0.050ns
    Total Input Jitter      (TIJ):    0.000ns
    Discrete Jitter          (DJ):    0.000ns
    Phase Error              (PE):    0.000ns

    Location             Delay type                Incr(ns)  Path(ns)    Netlist Resource(s)
  -------------------------------------------------------------------    -------------------
                         (clock clk rise edge)        0.000     0.000 r  
    D23                                               0.000     0.000 r  clk (IN)
                         net (fo=0)                   0.000     0.000    clk
    D23                  IBUF (Prop_ibuf_I_O)         0.136     0.136 r  clk_IBUF_inst/O
                         net (fo=1, routed)           0.704     0.840    clk_IBUF
    BUFGCTRL_X0Y0        BUFG (Prop_bufg_I_O)         0.026     0.866 r  clk_IBUF_BUFG_inst/O
                         net (fo=840, routed)         0.704     1.569    GEN_RANK[1].GEN_BANK[3].u_bram_manager/clk
    RAMB36_X1Y5          RAMB36E1                                     r  GEN_RANK[1].GEN_BANK[3].u_bram_manager/bram_reg/CLKARDCLK
  -------------------------------------------------------------------    -------------------
    RAMB36_X1Y5          RAMB36E1 (Prop_ramb36e1_CLKARDCLK_DOADO[6])
                                                      0.585     2.154 r  GEN_RANK[1].GEN_BANK[3].u_bram_manager/bram_reg/DOADO[6]
                         net (fo=1, routed)           0.312     2.466    pe/result_OBUF_inst_i_428_1[6]
    SLICE_X24Y29         LUT6 (Prop_lut6_I2_O)        0.028     2.494 r  pe/result_OBUF_inst_i_142/O
                         net (fo=5, routed)           0.213     2.708    pe/bram_reg[76]
    SLICE_X24Y36         LUT4 (Prop_lut4_I1_O)        0.028     2.736 r  pe/matched_rule_index_OBUF[6]_inst_i_12/O
                         net (fo=5, routed)           0.184     2.920    pe/matched_rule_index_OBUF[6]_inst_i_12_n_0
    SLICE_X28Y37         LUT6 (Prop_lut6_I0_O)        0.028     2.948 f  pe/matched_rule_index_OBUF[6]_inst_i_3/O
                         net (fo=2, routed)           0.128     3.076    pe/matched_rule_index_OBUF[6]_inst_i_3_n_0
    SLICE_X28Y37         LUT6 (Prop_lut6_I1_O)        0.028     3.104 r  pe/matched_rule_index_OBUF[6]_inst_i_1/O
                         net (fo=1, routed)           1.378     4.482    matched_rule_index_OBUF[6]
    H21                  OBUF (Prop_obuf_I_O)         1.315     5.797 r  matched_rule_index_OBUF[6]_inst/O
                         net (fo=0)                   0.000     5.797    matched_rule_index[6]
    H21                                                               r  matched_rule_index[6] (OUT)
  -------------------------------------------------------------------    -------------------

Slack:                    inf
  Source:                 GEN_RANK[1].GEN_BANK[11].u_bram_manager/bram_reg/CLKARDCLK
                            (rising edge-triggered cell RAMB36E1 clocked by clk  {rise@0.000ns fall@5.000ns period=10.000ns})
  Destination:            result
                            (output port)
  Path Group:             (none)
  Path Type:              Min at Fast Process Corner
  Data Path Delay:        4.448ns  (logic 2.032ns (45.680%)  route 2.416ns (54.320%))
  Logic Levels:           5  (LUT5=1 LUT6=3 OBUF=1)
  Clock Uncertainty:      0.025ns  ((TSJ^2 + TIJ^2)^1/2 + DJ) / 2 + PE
    Total System Jitter     (TSJ):    0.050ns
    Total Input Jitter      (TIJ):    0.000ns
    Discrete Jitter          (DJ):    0.000ns
    Phase Error              (PE):    0.000ns

    Location             Delay type                Incr(ns)  Path(ns)    Netlist Resource(s)
  -------------------------------------------------------------------    -------------------
                         (clock clk rise edge)        0.000     0.000 r  
    D23                                               0.000     0.000 r  clk (IN)
                         net (fo=0)                   0.000     0.000    clk
    D23                  IBUF (Prop_ibuf_I_O)         0.136     0.136 r  clk_IBUF_inst/O
                         net (fo=1, routed)           0.704     0.840    clk_IBUF
    BUFGCTRL_X0Y0        BUFG (Prop_bufg_I_O)         0.026     0.866 r  clk_IBUF_BUFG_inst/O
                         net (fo=840, routed)         0.709     1.574    GEN_RANK[1].GEN_BANK[11].u_bram_manager/clk
    RAMB36_X1Y6          RAMB36E1                                     r  GEN_RANK[1].GEN_BANK[11].u_bram_manager/bram_reg/CLKARDCLK
  -------------------------------------------------------------------    -------------------
    RAMB36_X1Y6          RAMB36E1 (Prop_ramb36e1_CLKARDCLK_DOADO[26])
                                                      0.585     2.159 r  GEN_RANK[1].GEN_BANK[11].u_bram_manager/bram_reg/DOADO[26]
                         net (fo=1, routed)           0.172     2.332    pe/result_OBUF_inst_i_428_2[26]
    SLICE_X21Y31         LUT6 (Prop_lut6_I3_O)        0.028     2.360 r  pe/result_OBUF_inst_i_86/O
                         net (fo=7, routed)           0.257     2.617    merged_match_data[98]
    SLICE_X29Y31         LUT6 (Prop_lut6_I4_O)        0.028     2.645 r  result_OBUF_inst_i_15/O
                         net (fo=1, routed)           0.294     2.939    result_OBUF_inst_i_15_n_0
    SLICE_X42Y31         LUT5 (Prop_lut5_I1_O)        0.028     2.967 r  result_OBUF_inst_i_3/O
                         net (fo=1, routed)           0.120     3.087    result_OBUF_inst_i_3_n_0
    SLICE_X42Y31         LUT6 (Prop_lut6_I1_O)        0.028     3.115 r  result_OBUF_inst_i_1/O
                         net (fo=1, routed)           1.572     4.688    result_OBUF
    F25                  OBUF (Prop_obuf_I_O)         1.335     6.022 r  result_OBUF_inst/O
                         net (fo=0)                   0.000     6.022    result
    F25                                                               r  result (OUT)
  -------------------------------------------------------------------    -------------------

Slack:                    inf
  Source:                 GEN_RANK[1].GEN_BANK[11].u_bram_manager/bram_reg/CLKARDCLK
                            (rising edge-triggered cell RAMB36E1 clocked by clk  {rise@0.000ns fall@5.000ns period=10.000ns})
  Destination:            matched_rule_index[7]
                            (output port)
  Path Group:             (none)
  Path Type:              Min at Fast Process Corner
  Data Path Delay:        4.523ns  (logic 2.002ns (44.262%)  route 2.521ns (55.738%))
  Logic Levels:           4  (LUT5=1 LUT6=2 OBUF=1)
  Clock Uncertainty:      0.025ns  ((TSJ^2 + TIJ^2)^1/2 + DJ) / 2 + PE
    Total System Jitter     (TSJ):    0.050ns
    Total Input Jitter      (TIJ):    0.000ns
    Discrete Jitter          (DJ):    0.000ns
    Phase Error              (PE):    0.000ns

    Location             Delay type                Incr(ns)  Path(ns)    Netlist Resource(s)
  -------------------------------------------------------------------    -------------------
                         (clock clk rise edge)        0.000     0.000 r  
    D23                                               0.000     0.000 r  clk (IN)
                         net (fo=0)                   0.000     0.000    clk
    D23                  IBUF (Prop_ibuf_I_O)         0.136     0.136 r  clk_IBUF_inst/O
                         net (fo=1, routed)           0.704     0.840    clk_IBUF
    BUFGCTRL_X0Y0        BUFG (Prop_bufg_I_O)         0.026     0.866 r  clk_IBUF_BUFG_inst/O
                         net (fo=840, routed)         0.709     1.574    GEN_RANK[1].GEN_BANK[11].u_bram_manager/clk
    RAMB36_X1Y6          RAMB36E1                                     r  GEN_RANK[1].GEN_BANK[11].u_bram_manager/bram_reg/CLKARDCLK
  -------------------------------------------------------------------    -------------------
    RAMB36_X1Y6          RAMB36E1 (Prop_ramb36e1_CLKARDCLK_DOBDO[23])
                                                      0.585     2.159 f  GEN_RANK[1].GEN_BANK[11].u_bram_manager/bram_reg/DOBDO[23]
                         net (fo=1, routed)           0.252     2.411    pe/result_OBUF_inst_i_428_2[55]
    SLICE_X24Y33         LUT6 (Prop_lut6_I3_O)        0.028     2.439 f  pe/matched_rule_index_OBUF[7]_inst_i_18/O
                         net (fo=4, routed)           0.268     2.708    pe/merged_match_data[127]
    SLICE_X39Y33         LUT6 (Prop_lut6_I3_O)        0.028     2.736 f  pe/matched_rule_index_OBUF[7]_inst_i_5/O
                         net (fo=1, routed)           0.220     2.956    pe/matched_rule_index_OBUF[7]_inst_i_5_n_0
    SLICE_X41Y33         LUT5 (Prop_lut5_I3_O)        0.028     2.984 r  pe/matched_rule_index_OBUF[7]_inst_i_1/O
                         net (fo=1, routed)           1.781     4.765    matched_rule_index_OBUF[7]
    H26                  OBUF (Prop_obuf_I_O)         1.333     6.098 r  matched_rule_index_OBUF[7]_inst/O
                         net (fo=0)                   0.000     6.098    matched_rule_index[7]
    H26                                                               r  matched_rule_index[7] (OUT)
  -------------------------------------------------------------------    -------------------

Slack:                    inf
  Source:                 GEN_RANK[0].GEN_BANK[5].u_bram_manager/bram_reg/CLKARDCLK
                            (rising edge-triggered cell RAMB36E1 clocked by clk  {rise@0.000ns fall@5.000ns period=10.000ns})
  Destination:            matched_rule_index[4]
                            (output port)
  Path Group:             (none)
  Path Type:              Min at Fast Process Corner
  Data Path Delay:        4.601ns  (logic 1.993ns (43.325%)  route 2.608ns (56.675%))
  Logic Levels:           4  (LUT5=1 LUT6=2 OBUF=1)
  Clock Uncertainty:      0.025ns  ((TSJ^2 + TIJ^2)^1/2 + DJ) / 2 + PE
    Total System Jitter     (TSJ):    0.050ns
    Total Input Jitter      (TIJ):    0.000ns
    Discrete Jitter          (DJ):    0.000ns
    Phase Error              (PE):    0.000ns

    Location             Delay type                Incr(ns)  Path(ns)    Netlist Resource(s)
  -------------------------------------------------------------------    -------------------
                         (clock clk rise edge)        0.000     0.000 r  
    D23                                               0.000     0.000 r  clk (IN)
                         net (fo=0)                   0.000     0.000    clk
    D23                  IBUF (Prop_ibuf_I_O)         0.136     0.136 r  clk_IBUF_inst/O
                         net (fo=1, routed)           0.704     0.840    clk_IBUF
    BUFGCTRL_X0Y0        BUFG (Prop_bufg_I_O)         0.026     0.866 r  clk_IBUF_BUFG_inst/O
                         net (fo=840, routed)         0.661     1.526    GEN_RANK[0].GEN_BANK[5].u_bram_manager/clk
    RAMB36_X1Y11         RAMB36E1                                     r  GEN_RANK[0].GEN_BANK[5].u_bram_manager/bram_reg/CLKARDCLK
  -------------------------------------------------------------------    -------------------
    RAMB36_X1Y11         RAMB36E1 (Prop_ramb36e1_CLKARDCLK_DOADO[11])
                                                      0.585     2.111 f  GEN_RANK[0].GEN_BANK[5].u_bram_manager/bram_reg/DOADO[11]
                         net (fo=1, routed)           0.303     2.415    pe/result_OBUF_inst_i_177[11]
    SLICE_X25Y56         LUT6 (Prop_lut6_I1_O)        0.028     2.443 f  pe/matched_rule_index_OBUF[4]_inst_i_16/O
                         net (fo=5, routed)           0.553     2.996    pe/bram_reg[9]
    SLICE_X29Y43         LUT6 (Prop_lut6_I3_O)        0.028     3.024 f  pe/matched_rule_index_OBUF[4]_inst_i_6/O
                         net (fo=1, routed)           0.187     3.211    pe/matched_rule_index_OBUF[4]_inst_i_6_n_0
    SLICE_X29Y39         LUT5 (Prop_lut5_I4_O)        0.028     3.239 r  pe/matched_rule_index_OBUF[4]_inst_i_1/O
                         net (fo=1, routed)           1.564     4.803    matched_rule_index_OBUF[4]
    H23                  OBUF (Prop_obuf_I_O)         1.324     6.127 r  matched_rule_index_OBUF[4]_inst/O
                         net (fo=0)                   0.000     6.127    matched_rule_index[4]
    H23                                                               r  matched_rule_index[4] (OUT)
  -------------------------------------------------------------------    -------------------





--------------------------------------------------------------------------------------
Path Group:  (none)
From Clock:  
  To Clock:  clk

Max Delay          2000 Endpoints
Min Delay          2000 Endpoints
--------------------------------------------------------------------------------------


Max Delay Paths
--------------------------------------------------------------------------------------
Slack:                    inf
  Source:                 rst
                            (input port)
  Destination:            GEN_RANK[4].GEN_BANK[1].u_bram_manager/bram_reg/ENARDEN
                            (rising edge-triggered cell RAMB36E1 clocked by clk  {rise@0.000ns fall@5.000ns period=10.000ns})
  Path Group:             (none)
  Path Type:              Setup (Max at Slow Process Corner)
  Data Path Delay:        11.503ns  (logic 0.823ns (7.154%)  route 10.680ns (92.846%))
  Logic Levels:           2  (IBUF=1 LUT3=1)
  Clock Path Skew:        3.811ns (DCD - SCD + CPR)
    Destination Clock Delay (DCD):    3.811ns
    Source Clock Delay      (SCD):    0.000ns
    Clock Pessimism Removal (CPR):    0.000ns
  Clock Uncertainty:      0.025ns  ((TSJ^2 + TIJ^2)^1/2 + DJ) / 2 + PE
    Total System Jitter     (TSJ):    0.050ns
    Total Input Jitter      (TIJ):    0.000ns
    Discrete Jitter          (DJ):    0.000ns
    Phase Error              (PE):    0.000ns

    Location             Delay type                Incr(ns)  Path(ns)    Netlist Resource(s)
  -------------------------------------------------------------------    -------------------
    J25                                               0.000     0.000 r  rst (IN)
                         net (fo=0)                   0.000     0.000    rst
    J25                  IBUF (Prop_ibuf_I_O)         0.780     0.780 r  rst_IBUF_inst/O
                         net (fo=840, routed)         9.738    10.518    GEN_RANK[4].GEN_BANK[1].u_bram_manager/rst
    SLICE_X60Y22         LUT3 (Prop_lut3_I0_O)        0.043    10.561 r  GEN_RANK[4].GEN_BANK[1].u_bram_manager/bram_reg_i_1/O
                         net (fo=1, routed)           0.942    11.503    GEN_RANK[4].GEN_BANK[1].u_bram_manager/bram_reg_i_1_n_0
    RAMB36_X5Y4          RAMB36E1                                     r  GEN_RANK[4].GEN_BANK[1].u_bram_manager/bram_reg/ENARDEN
  -------------------------------------------------------------------    -------------------

                         (clock clk rise edge)        0.000     0.000 r  
    D23                                               0.000     0.000 r  clk (IN)
                         net (fo=0)                   0.000     0.000    clk
    D23                  IBUF (Prop_ibuf_I_O)         0.719     0.719 r  clk_IBUF_inst/O
                         net (fo=1, routed)           1.503     2.222    clk_IBUF
    BUFGCTRL_X0Y0        BUFG (Prop_bufg_I_O)         0.083     2.305 r  clk_IBUF_BUFG_inst/O
                         net (fo=840, routed)         1.507     3.811    GEN_RANK[4].GEN_BANK[1].u_bram_manager/clk
    RAMB36_X5Y4          RAMB36E1                                     r  GEN_RANK[4].GEN_BANK[1].u_bram_manager/bram_reg/CLKARDCLK

Slack:                    inf
  Source:                 rst
                            (input port)
  Destination:            GEN_RANK[4].GEN_BANK[7].u_bram_manager/bram_reg/ENARDEN
                            (rising edge-triggered cell RAMB36E1 clocked by clk  {rise@0.000ns fall@5.000ns period=10.000ns})
  Path Group:             (none)
  Path Type:              Setup (Max at Slow Process Corner)
  Data Path Delay:        11.330ns  (logic 0.830ns (7.324%)  route 10.500ns (92.676%))
  Logic Levels:           2  (IBUF=1 LUT3=1)
  Clock Path Skew:        3.816ns (DCD - SCD + CPR)
    Destination Clock Delay (DCD):    3.816ns
    Source Clock Delay      (SCD):    0.000ns
    Clock Pessimism Removal (CPR):    0.000ns
  Clock Uncertainty:      0.025ns  ((TSJ^2 + TIJ^2)^1/2 + DJ) / 2 + PE
    Total System Jitter     (TSJ):    0.050ns
    Total Input Jitter      (TIJ):    0.000ns
    Discrete Jitter          (DJ):    0.000ns
    Phase Error              (PE):    0.000ns

    Location             Delay type                Incr(ns)  Path(ns)    Netlist Resource(s)
  -------------------------------------------------------------------    -------------------
    J25                                               0.000     0.000 r  rst (IN)
                         net (fo=0)                   0.000     0.000    rst
    J25                  IBUF (Prop_ibuf_I_O)         0.780     0.780 r  rst_IBUF_inst/O
                         net (fo=840, routed)         9.762    10.542    GEN_RANK[4].GEN_BANK[7].u_bram_manager/rst
    SLICE_X62Y21         LUT3 (Prop_lut3_I0_O)        0.050    10.592 r  GEN_RANK[4].GEN_BANK[7].u_bram_manager/bram_reg_i_1/O
                         net (fo=1, routed)           0.738    11.330    GEN_RANK[4].GEN_BANK[7].u_bram_manager/bram_reg_i_1_n_0
    RAMB36_X4Y2          RAMB36E1                                     r  GEN_RANK[4].GEN_BANK[7].u_bram_manager/bram_reg/ENARDEN
  -------------------------------------------------------------------    -------------------

                         (clock clk rise edge)        0.000     0.000 r  
    D23                                               0.000     0.000 r  clk (IN)
                         net (fo=0)                   0.000     0.000    clk
    D23                  IBUF (Prop_ibuf_I_O)         0.719     0.719 r  clk_IBUF_inst/O
                         net (fo=1, routed)           1.503     2.222    clk_IBUF
    BUFGCTRL_X0Y0        BUFG (Prop_bufg_I_O)         0.083     2.305 r  clk_IBUF_BUFG_inst/O
                         net (fo=840, routed)         1.512     3.816    GEN_RANK[4].GEN_BANK[7].u_bram_manager/clk
    RAMB36_X4Y2          RAMB36E1                                     r  GEN_RANK[4].GEN_BANK[7].u_bram_manager/bram_reg/CLKARDCLK

Slack:                    inf
  Source:                 rst
                            (input port)
  Destination:            GEN_RANK[4].GEN_BANK[4].u_bram_manager/bram_reg/ENARDEN
                            (rising edge-triggered cell RAMB36E1 clocked by clk  {rise@0.000ns fall@5.000ns period=10.000ns})
  Path Group:             (none)
  Path Type:              Setup (Max at Slow Process Corner)
  Data Path Delay:        11.270ns  (logic 0.823ns (7.301%)  route 10.447ns (92.699%))
  Logic Levels:           2  (IBUF=1 LUT3=1)
  Clock Path Skew:        3.816ns (DCD - SCD + CPR)
    Destination Clock Delay (DCD):    3.816ns
    Source Clock Delay      (SCD):    0.000ns
    Clock Pessimism Removal (CPR):    0.000ns
  Clock Uncertainty:      0.025ns  ((TSJ^2 + TIJ^2)^1/2 + DJ) / 2 + PE
    Total System Jitter     (TSJ):    0.050ns
    Total Input Jitter      (TIJ):    0.000ns
    Discrete Jitter          (DJ):    0.000ns
    Phase Error              (PE):    0.000ns

    Location             Delay type                Incr(ns)  Path(ns)    Netlist Resource(s)
  -------------------------------------------------------------------    -------------------
    J25                                               0.000     0.000 r  rst (IN)
                         net (fo=0)                   0.000     0.000    rst
    J25                  IBUF (Prop_ibuf_I_O)         0.780     0.780 r  rst_IBUF_inst/O
                         net (fo=840, routed)         9.412    10.192    GEN_RANK[4].GEN_BANK[4].u_bram_manager/rst
    SLICE_X58Y21         LUT3 (Prop_lut3_I0_O)        0.043    10.235 r  GEN_RANK[4].GEN_BANK[4].u_bram_manager/bram_reg_i_1/O
                         net (fo=1, routed)           1.035    11.270    GEN_RANK[4].GEN_BANK[4].u_bram_manager/bram_reg_i_1_n_0
    RAMB36_X5Y3          RAMB36E1                                     r  GEN_RANK[4].GEN_BANK[4].u_bram_manager/bram_reg/ENARDEN
  -------------------------------------------------------------------    -------------------

                         (clock clk rise edge)        0.000     0.000 r  
    D23                                               0.000     0.000 r  clk (IN)
                         net (fo=0)                   0.000     0.000    clk
    D23                  IBUF (Prop_ibuf_I_O)         0.719     0.719 r  clk_IBUF_inst/O
                         net (fo=1, routed)           1.503     2.222    clk_IBUF
    BUFGCTRL_X0Y0        BUFG (Prop_bufg_I_O)         0.083     2.305 r  clk_IBUF_BUFG_inst/O
                         net (fo=840, routed)         1.512     3.816    GEN_RANK[4].GEN_BANK[4].u_bram_manager/clk
    RAMB36_X5Y3          RAMB36E1                                     r  GEN_RANK[4].GEN_BANK[4].u_bram_manager/bram_reg/CLKARDCLK

Slack:                    inf
  Source:                 rst
                            (input port)
  Destination:            GEN_RANK[4].GEN_BANK[0].u_bram_manager/req_addr_d_reg[0]/R
                            (rising edge-triggered cell FDRE clocked by clk  {rise@0.000ns fall@5.000ns period=10.000ns})
  Path Group:             (none)
  Path Type:              Setup (Max at Slow Process Corner)
  Data Path Delay:        11.248ns  (logic 0.780ns (6.933%)  route 10.468ns (93.067%))
  Logic Levels:           1  (IBUF=1)
  Clock Path Skew:        3.796ns (DCD - SCD + CPR)
    Destination Clock Delay (DCD):    3.796ns
    Source Clock Delay      (SCD):    0.000ns
    Clock Pessimism Removal (CPR):    0.000ns
  Clock Uncertainty:      0.025ns  ((TSJ^2 + TIJ^2)^1/2 + DJ) / 2 + PE
    Total System Jitter     (TSJ):    0.050ns
    Total Input Jitter      (TIJ):    0.000ns
    Discrete Jitter          (DJ):    0.000ns
    Phase Error              (PE):    0.000ns

    Location             Delay type                Incr(ns)  Path(ns)    Netlist Resource(s)
  -------------------------------------------------------------------    -------------------
    J25                                               0.000     0.000 r  rst (IN)
                         net (fo=0)                   0.000     0.000    rst
    J25                  IBUF (Prop_ibuf_I_O)         0.780     0.780 r  rst_IBUF_inst/O
                         net (fo=840, routed)        10.468    11.248    GEN_RANK[4].GEN_BANK[0].u_bram_manager/rst
    SLICE_X89Y5          FDRE                                         r  GEN_RANK[4].GEN_BANK[0].u_bram_manager/req_addr_d_reg[0]/R
  -------------------------------------------------------------------    -------------------

                         (clock clk rise edge)        0.000     0.000 r  
    D23                                               0.000     0.000 r  clk (IN)
                         net (fo=0)                   0.000     0.000    clk
    D23                  IBUF (Prop_ibuf_I_O)         0.719     0.719 r  clk_IBUF_inst/O
                         net (fo=1, routed)           1.503     2.222    clk_IBUF
    BUFGCTRL_X0Y0        BUFG (Prop_bufg_I_O)         0.083     2.305 r  clk_IBUF_BUFG_inst/O
                         net (fo=840, routed)         1.491     3.796    GEN_RANK[4].GEN_BANK[0].u_bram_manager/clk
    SLICE_X89Y5          FDRE                                         r  GEN_RANK[4].GEN_BANK[0].u_bram_manager/req_addr_d_reg[0]/C

Slack:                    inf
  Source:                 rst
                            (input port)
  Destination:            GEN_RANK[4].GEN_BANK[0].u_bram_manager/req_addr_d_reg[1]/R
                            (rising edge-triggered cell FDRE clocked by clk  {rise@0.000ns fall@5.000ns period=10.000ns})
  Path Group:             (none)
  Path Type:              Setup (Max at Slow Process Corner)
  Data Path Delay:        11.248ns  (logic 0.780ns (6.933%)  route 10.468ns (93.067%))
  Logic Levels:           1  (IBUF=1)
  Clock Path Skew:        3.796ns (DCD - SCD + CPR)
    Destination Clock Delay (DCD):    3.796ns
    Source Clock Delay      (SCD):    0.000ns
    Clock Pessimism Removal (CPR):    0.000ns
  Clock Uncertainty:      0.025ns  ((TSJ^2 + TIJ^2)^1/2 + DJ) / 2 + PE
    Total System Jitter     (TSJ):    0.050ns
    Total Input Jitter      (TIJ):    0.000ns
    Discrete Jitter          (DJ):    0.000ns
    Phase Error              (PE):    0.000ns

    Location             Delay type                Incr(ns)  Path(ns)    Netlist Resource(s)
  -------------------------------------------------------------------    -------------------
    J25                                               0.000     0.000 r  rst (IN)
                         net (fo=0)                   0.000     0.000    rst
    J25                  IBUF (Prop_ibuf_I_O)         0.780     0.780 r  rst_IBUF_inst/O
                         net (fo=840, routed)        10.468    11.248    GEN_RANK[4].GEN_BANK[0].u_bram_manager/rst
    SLICE_X89Y5          FDRE                                         r  GEN_RANK[4].GEN_BANK[0].u_bram_manager/req_addr_d_reg[1]/R
  -------------------------------------------------------------------    -------------------

                         (clock clk rise edge)        0.000     0.000 r  
    D23                                               0.000     0.000 r  clk (IN)
                         net (fo=0)                   0.000     0.000    clk
    D23                  IBUF (Prop_ibuf_I_O)         0.719     0.719 r  clk_IBUF_inst/O
                         net (fo=1, routed)           1.503     2.222    clk_IBUF
    BUFGCTRL_X0Y0        BUFG (Prop_bufg_I_O)         0.083     2.305 r  clk_IBUF_BUFG_inst/O
                         net (fo=840, routed)         1.491     3.796    GEN_RANK[4].GEN_BANK[0].u_bram_manager/clk
    SLICE_X89Y5          FDRE                                         r  GEN_RANK[4].GEN_BANK[0].u_bram_manager/req_addr_d_reg[1]/C

Slack:                    inf
  Source:                 rst
                            (input port)
  Destination:            GEN_RANK[4].GEN_BANK[0].u_bram_manager/req_addr_d_reg[3]/R
                            (rising edge-triggered cell FDRE clocked by clk  {rise@0.000ns fall@5.000ns period=10.000ns})
  Path Group:             (none)
  Path Type:              Setup (Max at Slow Process Corner)
  Data Path Delay:        11.248ns  (logic 0.780ns (6.933%)  route 10.468ns (93.067%))
  Logic Levels:           1  (IBUF=1)
  Clock Path Skew:        3.796ns (DCD - SCD + CPR)
    Destination Clock Delay (DCD):    3.796ns
    Source Clock Delay      (SCD):    0.000ns
    Clock Pessimism Removal (CPR):    0.000ns
  Clock Uncertainty:      0.025ns  ((TSJ^2 + TIJ^2)^1/2 + DJ) / 2 + PE
    Total System Jitter     (TSJ):    0.050ns
    Total Input Jitter      (TIJ):    0.000ns
    Discrete Jitter          (DJ):    0.000ns
    Phase Error              (PE):    0.000ns

    Location             Delay type                Incr(ns)  Path(ns)    Netlist Resource(s)
  -------------------------------------------------------------------    -------------------
    J25                                               0.000     0.000 r  rst (IN)
                         net (fo=0)                   0.000     0.000    rst
    J25                  IBUF (Prop_ibuf_I_O)         0.780     0.780 r  rst_IBUF_inst/O
                         net (fo=840, routed)        10.468    11.248    GEN_RANK[4].GEN_BANK[0].u_bram_manager/rst
    SLICE_X88Y5          FDRE                                         r  GEN_RANK[4].GEN_BANK[0].u_bram_manager/req_addr_d_reg[3]/R
  -------------------------------------------------------------------    -------------------

                         (clock clk rise edge)        0.000     0.000 r  
    D23                                               0.000     0.000 r  clk (IN)
                         net (fo=0)                   0.000     0.000    clk
    D23                  IBUF (Prop_ibuf_I_O)         0.719     0.719 r  clk_IBUF_inst/O
                         net (fo=1, routed)           1.503     2.222    clk_IBUF
    BUFGCTRL_X0Y0        BUFG (Prop_bufg_I_O)         0.083     2.305 r  clk_IBUF_BUFG_inst/O
                         net (fo=840, routed)         1.491     3.796    GEN_RANK[4].GEN_BANK[0].u_bram_manager/clk
    SLICE_X88Y5          FDRE                                         r  GEN_RANK[4].GEN_BANK[0].u_bram_manager/req_addr_d_reg[3]/C

Slack:                    inf
  Source:                 rst
                            (input port)
  Destination:            GEN_RANK[4].GEN_BANK[0].u_bram_manager/req_addr_d_reg[4]/R
                            (rising edge-triggered cell FDRE clocked by clk  {rise@0.000ns fall@5.000ns period=10.000ns})
  Path Group:             (none)
  Path Type:              Setup (Max at Slow Process Corner)
  Data Path Delay:        11.248ns  (logic 0.780ns (6.933%)  route 10.468ns (93.067%))
  Logic Levels:           1  (IBUF=1)
  Clock Path Skew:        3.796ns (DCD - SCD + CPR)
    Destination Clock Delay (DCD):    3.796ns
    Source Clock Delay      (SCD):    0.000ns
    Clock Pessimism Removal (CPR):    0.000ns
  Clock Uncertainty:      0.025ns  ((TSJ^2 + TIJ^2)^1/2 + DJ) / 2 + PE
    Total System Jitter     (TSJ):    0.050ns
    Total Input Jitter      (TIJ):    0.000ns
    Discrete Jitter          (DJ):    0.000ns
    Phase Error              (PE):    0.000ns

    Location             Delay type                Incr(ns)  Path(ns)    Netlist Resource(s)
  -------------------------------------------------------------------    -------------------
    J25                                               0.000     0.000 r  rst (IN)
                         net (fo=0)                   0.000     0.000    rst
    J25                  IBUF (Prop_ibuf_I_O)         0.780     0.780 r  rst_IBUF_inst/O
                         net (fo=840, routed)        10.468    11.248    GEN_RANK[4].GEN_BANK[0].u_bram_manager/rst
    SLICE_X88Y5          FDRE                                         r  GEN_RANK[4].GEN_BANK[0].u_bram_manager/req_addr_d_reg[4]/R
  -------------------------------------------------------------------    -------------------

                         (clock clk rise edge)        0.000     0.000 r  
    D23                                               0.000     0.000 r  clk (IN)
                         net (fo=0)                   0.000     0.000    clk
    D23                  IBUF (Prop_ibuf_I_O)         0.719     0.719 r  clk_IBUF_inst/O
                         net (fo=1, routed)           1.503     2.222    clk_IBUF
    BUFGCTRL_X0Y0        BUFG (Prop_bufg_I_O)         0.083     2.305 r  clk_IBUF_BUFG_inst/O
                         net (fo=840, routed)         1.491     3.796    GEN_RANK[4].GEN_BANK[0].u_bram_manager/clk
    SLICE_X88Y5          FDRE                                         r  GEN_RANK[4].GEN_BANK[0].u_bram_manager/req_addr_d_reg[4]/C

Slack:                    inf
  Source:                 rst
                            (input port)
  Destination:            GEN_RANK[4].GEN_BANK[0].u_bram_manager/req_addr_d_reg[6]/R
                            (rising edge-triggered cell FDRE clocked by clk  {rise@0.000ns fall@5.000ns period=10.000ns})
  Path Group:             (none)
  Path Type:              Setup (Max at Slow Process Corner)
  Data Path Delay:        11.248ns  (logic 0.780ns (6.933%)  route 10.468ns (93.067%))
  Logic Levels:           1  (IBUF=1)
  Clock Path Skew:        3.796ns (DCD - SCD + CPR)
    Destination Clock Delay (DCD):    3.796ns
    Source Clock Delay      (SCD):    0.000ns
    Clock Pessimism Removal (CPR):    0.000ns
  Clock Uncertainty:      0.025ns  ((TSJ^2 + TIJ^2)^1/2 + DJ) / 2 + PE
    Total System Jitter     (TSJ):    0.050ns
    Total Input Jitter      (TIJ):    0.000ns
    Discrete Jitter          (DJ):    0.000ns
    Phase Error              (PE):    0.000ns

    Location             Delay type                Incr(ns)  Path(ns)    Netlist Resource(s)
  -------------------------------------------------------------------    -------------------
    J25                                               0.000     0.000 r  rst (IN)
                         net (fo=0)                   0.000     0.000    rst
    J25                  IBUF (Prop_ibuf_I_O)         0.780     0.780 r  rst_IBUF_inst/O
                         net (fo=840, routed)        10.468    11.248    GEN_RANK[4].GEN_BANK[0].u_bram_manager/rst
    SLICE_X88Y5          FDRE                                         r  GEN_RANK[4].GEN_BANK[0].u_bram_manager/req_addr_d_reg[6]/R
  -------------------------------------------------------------------    -------------------

                         (clock clk rise edge)        0.000     0.000 r  
    D23                                               0.000     0.000 r  clk (IN)
                         net (fo=0)                   0.000     0.000    clk
    D23                  IBUF (Prop_ibuf_I_O)         0.719     0.719 r  clk_IBUF_inst/O
                         net (fo=1, routed)           1.503     2.222    clk_IBUF
    BUFGCTRL_X0Y0        BUFG (Prop_bufg_I_O)         0.083     2.305 r  clk_IBUF_BUFG_inst/O
                         net (fo=840, routed)         1.491     3.796    GEN_RANK[4].GEN_BANK[0].u_bram_manager/clk
    SLICE_X88Y5          FDRE                                         r  GEN_RANK[4].GEN_BANK[0].u_bram_manager/req_addr_d_reg[6]/C

Slack:                    inf
  Source:                 rst
                            (input port)
  Destination:            GEN_RANK[4].GEN_BANK[0].u_bram_manager/req_addr_d_reg[8]/R
                            (rising edge-triggered cell FDRE clocked by clk  {rise@0.000ns fall@5.000ns period=10.000ns})
  Path Group:             (none)
  Path Type:              Setup (Max at Slow Process Corner)
  Data Path Delay:        11.248ns  (logic 0.780ns (6.933%)  route 10.468ns (93.067%))
  Logic Levels:           1  (IBUF=1)
  Clock Path Skew:        3.796ns (DCD - SCD + CPR)
    Destination Clock Delay (DCD):    3.796ns
    Source Clock Delay      (SCD):    0.000ns
    Clock Pessimism Removal (CPR):    0.000ns
  Clock Uncertainty:      0.025ns  ((TSJ^2 + TIJ^2)^1/2 + DJ) / 2 + PE
    Total System Jitter     (TSJ):    0.050ns
    Total Input Jitter      (TIJ):    0.000ns
    Discrete Jitter          (DJ):    0.000ns
    Phase Error              (PE):    0.000ns

    Location             Delay type                Incr(ns)  Path(ns)    Netlist Resource(s)
  -------------------------------------------------------------------    -------------------
    J25                                               0.000     0.000 r  rst (IN)
                         net (fo=0)                   0.000     0.000    rst
    J25                  IBUF (Prop_ibuf_I_O)         0.780     0.780 r  rst_IBUF_inst/O
                         net (fo=840, routed)        10.468    11.248    GEN_RANK[4].GEN_BANK[0].u_bram_manager/rst
    SLICE_X88Y5          FDRE                                         r  GEN_RANK[4].GEN_BANK[0].u_bram_manager/req_addr_d_reg[8]/R
  -------------------------------------------------------------------    -------------------

                         (clock clk rise edge)        0.000     0.000 r  
    D23                                               0.000     0.000 r  clk (IN)
                         net (fo=0)                   0.000     0.000    clk
    D23                  IBUF (Prop_ibuf_I_O)         0.719     0.719 r  clk_IBUF_inst/O
                         net (fo=1, routed)           1.503     2.222    clk_IBUF
    BUFGCTRL_X0Y0        BUFG (Prop_bufg_I_O)         0.083     2.305 r  clk_IBUF_BUFG_inst/O
                         net (fo=840, routed)         1.491     3.796    GEN_RANK[4].GEN_BANK[0].u_bram_manager/clk
    SLICE_X88Y5          FDRE                                         r  GEN_RANK[4].GEN_BANK[0].u_bram_manager/req_addr_d_reg[8]/C

Slack:                    inf
  Source:                 rst
                            (input port)
  Destination:            GEN_RANK[4].GEN_BANK[2].u_bram_manager/bram_reg/ENARDEN
                            (rising edge-triggered cell RAMB36E1 clocked by clk  {rise@0.000ns fall@5.000ns period=10.000ns})
  Path Group:             (none)
  Path Type:              Setup (Max at Slow Process Corner)
  Data Path Delay:        11.189ns  (logic 0.823ns (7.354%)  route 10.366ns (92.646%))
  Logic Levels:           2  (IBUF=1 LUT3=1)
  Clock Path Skew:        3.811ns (DCD - SCD + CPR)
    Destination Clock Delay (DCD):    3.811ns
    Source Clock Delay      (SCD):    0.000ns
    Clock Pessimism Removal (CPR):    0.000ns
  Clock Uncertainty:      0.025ns  ((TSJ^2 + TIJ^2)^1/2 + DJ) / 2 + PE
    Total System Jitter     (TSJ):    0.050ns
    Total Input Jitter      (TIJ):    0.000ns
    Discrete Jitter          (DJ):    0.000ns
    Phase Error              (PE):    0.000ns

    Location             Delay type                Incr(ns)  Path(ns)    Netlist Resource(s)
  -------------------------------------------------------------------    -------------------
    J25                                               0.000     0.000 r  rst (IN)
                         net (fo=0)                   0.000     0.000    rst
    J25                  IBUF (Prop_ibuf_I_O)         0.780     0.780 r  rst_IBUF_inst/O
                         net (fo=840, routed)         9.599    10.378    GEN_RANK[4].GEN_BANK[2].u_bram_manager/rst
    SLICE_X59Y21         LUT3 (Prop_lut3_I0_O)        0.043    10.421 r  GEN_RANK[4].GEN_BANK[2].u_bram_manager/bram_reg_i_1/O
                         net (fo=1, routed)           0.767    11.189    GEN_RANK[4].GEN_BANK[2].u_bram_manager/bram_reg_i_1_n_0
    RAMB36_X4Y3          RAMB36E1                                     r  GEN_RANK[4].GEN_BANK[2].u_bram_manager/bram_reg/ENARDEN
  -------------------------------------------------------------------    -------------------

                         (clock clk rise edge)        0.000     0.000 r  
    D23                                               0.000     0.000 r  clk (IN)
                         net (fo=0)                   0.000     0.000    clk
    D23                  IBUF (Prop_ibuf_I_O)         0.719     0.719 r  clk_IBUF_inst/O
                         net (fo=1, routed)           1.503     2.222    clk_IBUF
    BUFGCTRL_X0Y0        BUFG (Prop_bufg_I_O)         0.083     2.305 r  clk_IBUF_BUFG_inst/O
                         net (fo=840, routed)         1.507     3.811    GEN_RANK[4].GEN_BANK[2].u_bram_manager/clk
    RAMB36_X4Y3          RAMB36E1                                     r  GEN_RANK[4].GEN_BANK[2].u_bram_manager/bram_reg/CLKARDCLK





Min Delay Paths
--------------------------------------------------------------------------------------
Slack:                    inf
  Source:                 input_word[23]
                            (input port)
  Destination:            GEN_RANK[1].GEN_BANK[8].u_bram_manager/bram_reg/ADDRBWRADDR[6]
                            (rising edge-triggered cell RAMB36E1 clocked by clk  {rise@0.000ns fall@5.000ns period=10.000ns})
  Path Group:             (none)
  Path Type:              Hold (Min at Fast Process Corner)
  Data Path Delay:        0.538ns  (logic 0.081ns (14.961%)  route 0.458ns (85.039%))
  Logic Levels:           1  (IBUF=1)
  Clock Path Skew:        2.127ns (DCD - SCD - CPR)
    Destination Clock Delay (DCD):    2.127ns
    Source Clock Delay      (SCD):    0.000ns
    Clock Pessimism Removal (CPR):    -0.000ns

    Location             Delay type                Incr(ns)  Path(ns)    Netlist Resource(s)
  -------------------------------------------------------------------    -------------------
    AA22                                              0.000     0.000 r  input_word[23] (IN)
                         net (fo=0)                   0.000     0.000    input_word[23]
    AA22                 IBUF (Prop_ibuf_I_O)         0.081     0.081 r  input_word_IBUF[23]_inst/O
                         net (fo=10, routed)          0.458     0.538    GEN_RANK[1].GEN_BANK[8].u_bram_manager/req_addr[0]
    RAMB36_X0Y4          RAMB36E1                                     r  GEN_RANK[1].GEN_BANK[8].u_bram_manager/bram_reg/ADDRBWRADDR[6]
  -------------------------------------------------------------------    -------------------

                         (clock clk rise edge)        0.000     0.000 r  
    D23                                               0.000     0.000 r  clk (IN)
                         net (fo=0)                   0.000     0.000    clk
    D23                  IBUF (Prop_ibuf_I_O)         0.384     0.384 r  clk_IBUF_inst/O
                         net (fo=1, routed)           0.769     1.153    clk_IBUF
    BUFGCTRL_X0Y0        BUFG (Prop_bufg_I_O)         0.030     1.183 r  clk_IBUF_BUFG_inst/O
                         net (fo=840, routed)         0.944     2.127    GEN_RANK[1].GEN_BANK[8].u_bram_manager/clk
    RAMB36_X0Y4          RAMB36E1                                     r  GEN_RANK[1].GEN_BANK[8].u_bram_manager/bram_reg/CLKBWRCLK

Slack:                    inf
  Source:                 input_word[34]
                            (input port)
  Destination:            GEN_RANK[1].GEN_BANK[7].u_bram_manager/req_addr_d_reg[2]/D
                            (rising edge-triggered cell FDRE clocked by clk  {rise@0.000ns fall@5.000ns period=10.000ns})
  Path Group:             (none)
  Path Type:              Hold (Min at Fast Process Corner)
  Data Path Delay:        0.546ns  (logic 0.098ns (17.874%)  route 0.449ns (82.126%))
  Logic Levels:           1  (IBUF=1)
  Clock Path Skew:        2.103ns (DCD - SCD - CPR)
    Destination Clock Delay (DCD):    2.103ns
    Source Clock Delay      (SCD):    0.000ns
    Clock Pessimism Removal (CPR):    -0.000ns

    Location             Delay type                Incr(ns)  Path(ns)    Netlist Resource(s)
  -------------------------------------------------------------------    -------------------
    W23                                               0.000     0.000 r  input_word[34] (IN)
                         net (fo=0)                   0.000     0.000    input_word[34]
    W23                  IBUF (Prop_ibuf_I_O)         0.098     0.098 r  input_word_IBUF[34]_inst/O
                         net (fo=10, routed)          0.449     0.546    GEN_RANK[1].GEN_BANK[7].u_bram_manager/req_addr[2]
    SLICE_X8Y34          FDRE                                         r  GEN_RANK[1].GEN_BANK[7].u_bram_manager/req_addr_d_reg[2]/D
  -------------------------------------------------------------------    -------------------

                         (clock clk rise edge)        0.000     0.000 r  
    D23                                               0.000     0.000 r  clk (IN)
                         net (fo=0)                   0.000     0.000    clk
    D23                  IBUF (Prop_ibuf_I_O)         0.384     0.384 r  clk_IBUF_inst/O
                         net (fo=1, routed)           0.769     1.153    clk_IBUF
    BUFGCTRL_X0Y0        BUFG (Prop_bufg_I_O)         0.030     1.183 r  clk_IBUF_BUFG_inst/O
                         net (fo=840, routed)         0.920     2.103    GEN_RANK[1].GEN_BANK[7].u_bram_manager/clk
    SLICE_X8Y34          FDRE                                         r  GEN_RANK[1].GEN_BANK[7].u_bram_manager/req_addr_d_reg[2]/C

Slack:                    inf
  Source:                 input_word[23]
                            (input port)
  Destination:            GEN_RANK[1].GEN_BANK[8].u_bram_manager/req_addr_d_reg[0]/D
                            (rising edge-triggered cell FDRE clocked by clk  {rise@0.000ns fall@5.000ns period=10.000ns})
  Path Group:             (none)
  Path Type:              Hold (Min at Fast Process Corner)
  Data Path Delay:        0.564ns  (logic 0.081ns (14.277%)  route 0.483ns (85.723%))
  Logic Levels:           1  (IBUF=1)
  Clock Path Skew:        2.098ns (DCD - SCD - CPR)
    Destination Clock Delay (DCD):    2.098ns
    Source Clock Delay      (SCD):    0.000ns
    Clock Pessimism Removal (CPR):    -0.000ns

    Location             Delay type                Incr(ns)  Path(ns)    Netlist Resource(s)
  -------------------------------------------------------------------    -------------------
    AA22                                              0.000     0.000 r  input_word[23] (IN)
                         net (fo=0)                   0.000     0.000    input_word[23]
    AA22                 IBUF (Prop_ibuf_I_O)         0.081     0.081 r  input_word_IBUF[23]_inst/O
                         net (fo=10, routed)          0.483     0.564    GEN_RANK[1].GEN_BANK[8].u_bram_manager/req_addr[0]
    SLICE_X9Y20          FDRE                                         r  GEN_RANK[1].GEN_BANK[8].u_bram_manager/req_addr_d_reg[0]/D
  -------------------------------------------------------------------    -------------------

                         (clock clk rise edge)        0.000     0.000 r  
    D23                                               0.000     0.000 r  clk (IN)
                         net (fo=0)                   0.000     0.000    clk
    D23                  IBUF (Prop_ibuf_I_O)         0.384     0.384 r  clk_IBUF_inst/O
                         net (fo=1, routed)           0.769     1.153    clk_IBUF
    BUFGCTRL_X0Y0        BUFG (Prop_bufg_I_O)         0.030     1.183 r  clk_IBUF_BUFG_inst/O
                         net (fo=840, routed)         0.915     2.098    GEN_RANK[1].GEN_BANK[8].u_bram_manager/clk
    SLICE_X9Y20          FDRE                                         r  GEN_RANK[1].GEN_BANK[8].u_bram_manager/req_addr_d_reg[0]/C

Slack:                    inf
  Source:                 input_word[24]
                            (input port)
  Destination:            GEN_RANK[1].GEN_BANK[8].u_bram_manager/req_addr_d_reg[1]/D
                            (rising edge-triggered cell FDRE clocked by clk  {rise@0.000ns fall@5.000ns period=10.000ns})
  Path Group:             (none)
  Path Type:              Hold (Min at Fast Process Corner)
  Data Path Delay:        0.567ns  (logic 0.080ns (14.062%)  route 0.488ns (85.938%))
  Logic Levels:           1  (IBUF=1)
  Clock Path Skew:        2.098ns (DCD - SCD - CPR)
    Destination Clock Delay (DCD):    2.098ns
    Source Clock Delay      (SCD):    0.000ns
    Clock Pessimism Removal (CPR):    -0.000ns

    Location             Delay type                Incr(ns)  Path(ns)    Netlist Resource(s)
  -------------------------------------------------------------------    -------------------
    Y22                                               0.000     0.000 r  input_word[24] (IN)
                         net (fo=0)                   0.000     0.000    input_word[24]
    Y22                  IBUF (Prop_ibuf_I_O)         0.080     0.080 r  input_word_IBUF[24]_inst/O
                         net (fo=10, routed)          0.488     0.567    GEN_RANK[1].GEN_BANK[8].u_bram_manager/req_addr[1]
    SLICE_X9Y20          FDRE                                         r  GEN_RANK[1].GEN_BANK[8].u_bram_manager/req_addr_d_reg[1]/D
  -------------------------------------------------------------------    -------------------

                         (clock clk rise edge)        0.000     0.000 r  
    D23                                               0.000     0.000 r  clk (IN)
                         net (fo=0)                   0.000     0.000    clk
    D23                  IBUF (Prop_ibuf_I_O)         0.384     0.384 r  clk_IBUF_inst/O
                         net (fo=1, routed)           0.769     1.153    clk_IBUF
    BUFGCTRL_X0Y0        BUFG (Prop_bufg_I_O)         0.030     1.183 r  clk_IBUF_BUFG_inst/O
                         net (fo=840, routed)         0.915     2.098    GEN_RANK[1].GEN_BANK[8].u_bram_manager/clk
    SLICE_X9Y20          FDRE                                         r  GEN_RANK[1].GEN_BANK[8].u_bram_manager/req_addr_d_reg[1]/C

Slack:                    inf
  Source:                 input_word[38]
                            (input port)
  Destination:            GEN_RANK[1].GEN_BANK[7].u_bram_manager/bram_reg/ADDRBWRADDR[12]
                            (rising edge-triggered cell RAMB36E1 clocked by clk  {rise@0.000ns fall@5.000ns period=10.000ns})
  Path Group:             (none)
  Path Type:              Hold (Min at Fast Process Corner)
  Data Path Delay:        0.569ns  (logic 0.066ns (11.690%)  route 0.502ns (88.310%))
  Logic Levels:           1  (IBUF=1)
  Clock Path Skew:        2.134ns (DCD - SCD - CPR)
    Destination Clock Delay (DCD):    2.134ns
    Source Clock Delay      (SCD):    0.000ns
    Clock Pessimism Removal (CPR):    -0.000ns

    Location             Delay type                Incr(ns)  Path(ns)    Netlist Resource(s)
  -------------------------------------------------------------------    -------------------
    V21                                               0.000     0.000 r  input_word[38] (IN)
                         net (fo=0)                   0.000     0.000    input_word[38]
    V21                  IBUF (Prop_ibuf_I_O)         0.066     0.066 r  input_word_IBUF[38]_inst/O
                         net (fo=10, routed)          0.502     0.569    GEN_RANK[1].GEN_BANK[7].u_bram_manager/req_addr[6]
    RAMB36_X0Y7          RAMB36E1                                     r  GEN_RANK[1].GEN_BANK[7].u_bram_manager/bram_reg/ADDRBWRADDR[12]
  -------------------------------------------------------------------    -------------------

                         (clock clk rise edge)        0.000     0.000 r  
    D23                                               0.000     0.000 r  clk (IN)
                         net (fo=0)                   0.000     0.000    clk
    D23                  IBUF (Prop_ibuf_I_O)         0.384     0.384 r  clk_IBUF_inst/O
                         net (fo=1, routed)           0.769     1.153    clk_IBUF
    BUFGCTRL_X0Y0        BUFG (Prop_bufg_I_O)         0.030     1.183 r  clk_IBUF_BUFG_inst/O
                         net (fo=840, routed)         0.951     2.134    GEN_RANK[1].GEN_BANK[7].u_bram_manager/clk
    RAMB36_X0Y7          RAMB36E1                                     r  GEN_RANK[1].GEN_BANK[7].u_bram_manager/bram_reg/CLKBWRCLK

Slack:                    inf
  Source:                 input_word[35]
                            (input port)
  Destination:            GEN_RANK[1].GEN_BANK[7].u_bram_manager/req_addr_d_reg[3]/D
                            (rising edge-triggered cell FDRE clocked by clk  {rise@0.000ns fall@5.000ns period=10.000ns})
  Path Group:             (none)
  Path Type:              Hold (Min at Fast Process Corner)
  Data Path Delay:        0.574ns  (logic 0.121ns (21.105%)  route 0.453ns (78.895%))
  Logic Levels:           1  (IBUF=1)
  Clock Path Skew:        2.104ns (DCD - SCD - CPR)
    Destination Clock Delay (DCD):    2.104ns
    Source Clock Delay      (SCD):    0.000ns
    Clock Pessimism Removal (CPR):    -0.000ns

    Location             Delay type                Incr(ns)  Path(ns)    Netlist Resource(s)
  -------------------------------------------------------------------    -------------------
    AB25                                              0.000     0.000 r  input_word[35] (IN)
                         net (fo=0)                   0.000     0.000    input_word[35]
    AB25                 IBUF (Prop_ibuf_I_O)         0.121     0.121 r  input_word_IBUF[35]_inst/O
                         net (fo=10, routed)          0.453     0.574    GEN_RANK[1].GEN_BANK[7].u_bram_manager/req_addr[3]
    SLICE_X8Y35          FDRE                                         r  GEN_RANK[1].GEN_BANK[7].u_bram_manager/req_addr_d_reg[3]/D
  -------------------------------------------------------------------    -------------------

                         (clock clk rise edge)        0.000     0.000 r  
    D23                                               0.000     0.000 r  clk (IN)
                         net (fo=0)                   0.000     0.000    clk
    D23                  IBUF (Prop_ibuf_I_O)         0.384     0.384 r  clk_IBUF_inst/O
                         net (fo=1, routed)           0.769     1.153    clk_IBUF
    BUFGCTRL_X0Y0        BUFG (Prop_bufg_I_O)         0.030     1.183 r  clk_IBUF_BUFG_inst/O
                         net (fo=840, routed)         0.921     2.104    GEN_RANK[1].GEN_BANK[7].u_bram_manager/clk
    SLICE_X8Y35          FDRE                                         r  GEN_RANK[1].GEN_BANK[7].u_bram_manager/req_addr_d_reg[3]/C

Slack:                    inf
  Source:                 input_word[37]
                            (input port)
  Destination:            GEN_RANK[1].GEN_BANK[7].u_bram_manager/bram_reg/ADDRBWRADDR[11]
                            (rising edge-triggered cell RAMB36E1 clocked by clk  {rise@0.000ns fall@5.000ns period=10.000ns})
  Path Group:             (none)
  Path Type:              Hold (Min at Fast Process Corner)
  Data Path Delay:        0.574ns  (logic 0.071ns (12.414%)  route 0.503ns (87.586%))
  Logic Levels:           1  (IBUF=1)
  Clock Path Skew:        2.134ns (DCD - SCD - CPR)
    Destination Clock Delay (DCD):    2.134ns
    Source Clock Delay      (SCD):    0.000ns
    Clock Pessimism Removal (CPR):    -0.000ns

    Location             Delay type                Incr(ns)  Path(ns)    Netlist Resource(s)
  -------------------------------------------------------------------    -------------------
    W21                                               0.000     0.000 r  input_word[37] (IN)
                         net (fo=0)                   0.000     0.000    input_word[37]
    W21                  IBUF (Prop_ibuf_I_O)         0.071     0.071 r  input_word_IBUF[37]_inst/O
                         net (fo=10, routed)          0.503     0.574    GEN_RANK[1].GEN_BANK[7].u_bram_manager/req_addr[5]
    RAMB36_X0Y7          RAMB36E1                                     r  GEN_RANK[1].GEN_BANK[7].u_bram_manager/bram_reg/ADDRBWRADDR[11]
  -------------------------------------------------------------------    -------------------

                         (clock clk rise edge)        0.000     0.000 r  
    D23                                               0.000     0.000 r  clk (IN)
                         net (fo=0)                   0.000     0.000    clk
    D23                  IBUF (Prop_ibuf_I_O)         0.384     0.384 r  clk_IBUF_inst/O
                         net (fo=1, routed)           0.769     1.153    clk_IBUF
    BUFGCTRL_X0Y0        BUFG (Prop_bufg_I_O)         0.030     1.183 r  clk_IBUF_BUFG_inst/O
                         net (fo=840, routed)         0.951     2.134    GEN_RANK[1].GEN_BANK[7].u_bram_manager/clk
    RAMB36_X0Y7          RAMB36E1                                     r  GEN_RANK[1].GEN_BANK[7].u_bram_manager/bram_reg/CLKBWRCLK

Slack:                    inf
  Source:                 input_word[24]
                            (input port)
  Destination:            GEN_RANK[1].GEN_BANK[8].u_bram_manager/bram_reg/ADDRBWRADDR[7]
                            (rising edge-triggered cell RAMB36E1 clocked by clk  {rise@0.000ns fall@5.000ns period=10.000ns})
  Path Group:             (none)
  Path Type:              Hold (Min at Fast Process Corner)
  Data Path Delay:        0.577ns  (logic 0.080ns (13.836%)  route 0.497ns (86.164%))
  Logic Levels:           1  (IBUF=1)
  Clock Path Skew:        2.127ns (DCD - SCD - CPR)
    Destination Clock Delay (DCD):    2.127ns
    Source Clock Delay      (SCD):    0.000ns
    Clock Pessimism Removal (CPR):    -0.000ns

    Location             Delay type                Incr(ns)  Path(ns)    Netlist Resource(s)
  -------------------------------------------------------------------    -------------------
    Y22                                               0.000     0.000 r  input_word[24] (IN)
                         net (fo=0)                   0.000     0.000    input_word[24]
    Y22                  IBUF (Prop_ibuf_I_O)         0.080     0.080 r  input_word_IBUF[24]_inst/O
                         net (fo=10, routed)          0.497     0.577    GEN_RANK[1].GEN_BANK[8].u_bram_manager/req_addr[1]
    RAMB36_X0Y4          RAMB36E1                                     r  GEN_RANK[1].GEN_BANK[8].u_bram_manager/bram_reg/ADDRBWRADDR[7]
  -------------------------------------------------------------------    -------------------

                         (clock clk rise edge)        0.000     0.000 r  
    D23                                               0.000     0.000 r  clk (IN)
                         net (fo=0)                   0.000     0.000    clk
    D23                  IBUF (Prop_ibuf_I_O)         0.384     0.384 r  clk_IBUF_inst/O
                         net (fo=1, routed)           0.769     1.153    clk_IBUF
    BUFGCTRL_X0Y0        BUFG (Prop_bufg_I_O)         0.030     1.183 r  clk_IBUF_BUFG_inst/O
                         net (fo=840, routed)         0.944     2.127    GEN_RANK[1].GEN_BANK[8].u_bram_manager/clk
    RAMB36_X0Y4          RAMB36E1                                     r  GEN_RANK[1].GEN_BANK[8].u_bram_manager/bram_reg/CLKBWRCLK

Slack:                    inf
  Source:                 input_word[33]
                            (input port)
  Destination:            GEN_RANK[1].GEN_BANK[7].u_bram_manager/req_addr_d_reg[1]/D
                            (rising edge-triggered cell FDRE clocked by clk  {rise@0.000ns fall@5.000ns period=10.000ns})
  Path Group:             (none)
  Path Type:              Hold (Min at Fast Process Corner)
  Data Path Delay:        0.583ns  (logic 0.098ns (16.779%)  route 0.485ns (83.221%))
  Logic Levels:           1  (IBUF=1)
  Clock Path Skew:        2.104ns (DCD - SCD - CPR)
    Destination Clock Delay (DCD):    2.104ns
    Source Clock Delay      (SCD):    0.000ns
    Clock Pessimism Removal (CPR):    -0.000ns

    Location             Delay type                Incr(ns)  Path(ns)    Netlist Resource(s)
  -------------------------------------------------------------------    -------------------
    W24                                               0.000     0.000 r  input_word[33] (IN)
                         net (fo=0)                   0.000     0.000    input_word[33]
    W24                  IBUF (Prop_ibuf_I_O)         0.098     0.098 r  input_word_IBUF[33]_inst/O
                         net (fo=10, routed)          0.485     0.583    GEN_RANK[1].GEN_BANK[7].u_bram_manager/req_addr[1]
    SLICE_X9Y35          FDRE                                         r  GEN_RANK[1].GEN_BANK[7].u_bram_manager/req_addr_d_reg[1]/D
  -------------------------------------------------------------------    -------------------

                         (clock clk rise edge)        0.000     0.000 r  
    D23                                               0.000     0.000 r  clk (IN)
                         net (fo=0)                   0.000     0.000    clk
    D23                  IBUF (Prop_ibuf_I_O)         0.384     0.384 r  clk_IBUF_inst/O
                         net (fo=1, routed)           0.769     1.153    clk_IBUF
    BUFGCTRL_X0Y0        BUFG (Prop_bufg_I_O)         0.030     1.183 r  clk_IBUF_BUFG_inst/O
                         net (fo=840, routed)         0.921     2.104    GEN_RANK[1].GEN_BANK[7].u_bram_manager/clk
    SLICE_X9Y35          FDRE                                         r  GEN_RANK[1].GEN_BANK[7].u_bram_manager/req_addr_d_reg[1]/C

Slack:                    inf
  Source:                 input_word[39]
                            (input port)
  Destination:            GEN_RANK[1].GEN_BANK[7].u_bram_manager/req_addr_d_reg[7]/D
                            (rising edge-triggered cell FDRE clocked by clk  {rise@0.000ns fall@5.000ns period=10.000ns})
  Path Group:             (none)
  Path Type:              Hold (Min at Fast Process Corner)
  Data Path Delay:        0.584ns  (logic 0.109ns (18.647%)  route 0.475ns (81.353%))
  Logic Levels:           1  (IBUF=1)
  Clock Path Skew:        2.103ns (DCD - SCD - CPR)
    Destination Clock Delay (DCD):    2.103ns
    Source Clock Delay      (SCD):    0.000ns
    Clock Pessimism Removal (CPR):    -0.000ns

    Location             Delay type                Incr(ns)  Path(ns)    Netlist Resource(s)
  -------------------------------------------------------------------    -------------------
    W26                                               0.000     0.000 r  input_word[39] (IN)
                         net (fo=0)                   0.000     0.000    input_word[39]
    W26                  IBUF (Prop_ibuf_I_O)         0.109     0.109 r  input_word_IBUF[39]_inst/O
                         net (fo=10, routed)          0.475     0.584    GEN_RANK[1].GEN_BANK[7].u_bram_manager/req_addr[7]
    SLICE_X8Y34          FDRE                                         r  GEN_RANK[1].GEN_BANK[7].u_bram_manager/req_addr_d_reg[7]/D
  -------------------------------------------------------------------    -------------------

                         (clock clk rise edge)        0.000     0.000 r  
    D23                                               0.000     0.000 r  clk (IN)
                         net (fo=0)                   0.000     0.000    clk
    D23                  IBUF (Prop_ibuf_I_O)         0.384     0.384 r  clk_IBUF_inst/O
                         net (fo=1, routed)           0.769     1.153    clk_IBUF
    BUFGCTRL_X0Y0        BUFG (Prop_bufg_I_O)         0.030     1.183 r  clk_IBUF_BUFG_inst/O
                         net (fo=840, routed)         0.920     2.103    GEN_RANK[1].GEN_BANK[7].u_bram_manager/clk
    SLICE_X8Y34          FDRE                                         r  GEN_RANK[1].GEN_BANK[7].u_bram_manager/req_addr_d_reg[7]/C





